gbifID	datasetKey	occurrenceID	kingdom	phylum	class	order	family	genus	species	infraspecificEpithet	taxonRank	scientificName	verbatimScientificName	verbatimScientificNameAuthorship	countryCode	locality	stateProvince	occurrenceStatus	individualCount	publishingOrgKey	decimalLatitude	decimalLongitude	coordinateUncertaintyInMeters	coordinatePrecision	elevation	elevationAccuracy	depth	depthAccuracy	eventDate	day	month	year	taxonKey	speciesKey	basisOfRecord	institutionCode	collectionCode	catalogNumber	recordNumber	identifiedBy	dateIdentified	license	rightsHolder	recordedBy	typeStatus	establishmentMeans	lastInterpreted	mediaType	issue
4101670433	004b9605-989f-4d7a-a6b4-821e0755c1e0	Promigas:Jobo-Majaguas_compensacion:0118	Animalia	Chordata	Amphibia	Anura	Leptodactylidae	Leptodactylus	Leptodactylus fuscus		SPECIES	Leptodactylus fuscus (Schneider, 1799)	Leptodactylus fuscus	(Schneider, 1799)	CO	Drenaje pequeño con caudal intermitente, cuenta con un bosque ripario de dosel cerrado	Sucre	PRESENT	9	dbc2ab56-d499-403c-8db5-c1a49cd0b75f	9.216742	-75.407947			158.0	1.0			2022-12-06T00:00:00	6	12	2022	5217556	5217556	HUMAN_OBSERVATION	Promigas S.A E.S.P (Promigas)						CC_BY_NC_4_0					2023-05-09T00:19:39.141Z		COORDINATE_ROUNDED
4101670432	004b9605-989f-4d7a-a6b4-821e0755c1e0	Promigas:Jobo-Majaguas_compensacion:0119	Animalia	Chordata	Amphibia	Anura	Bufonidae	Rhinella	Rhinella horribilis		SPECIES	Rhinella horribilis (Wiegmann, 1833)	Rhinella horribilis	(Wiegmann, 1833)	CO	Drenaje pequeño con caudal intermitente, cuenta con un bosque ripario de dosel cerrado	Sucre	PRESENT	7	dbc2ab56-d499-403c-8db5-c1a49cd0b75f	9.216742	-75.407947			158.0	1.0			2022-12-06T00:00:00	6	12	2022	10892611	10892611	HUMAN_OBSERVATION	Promigas S.A E.S.P (Promigas)						CC_BY_NC_4_0					2023-05-09T00:19:39.136Z		COORDINATE_ROUNDED
4101670431	004b9605-989f-4d7a-a6b4-821e0755c1e0	Promigas:Jobo-Majaguas_compensacion:0114	Animalia	Chordata	Amphibia	Anura	Leptodactylidae	Engystomops	Engystomops pustulosus		SPECIES	Engystomops pustulosus (Cope, 1864)	Engystomops pustulosus	(Cope, 1864)	CO	Drenaje pequeño con caudal intermitente, cuenta con un bosque ripario de dosel cerrado	Sucre	PRESENT	13	dbc2ab56-d499-403c-8db5-c1a49cd0b75f	9.215019	-75.408406			157.5	1.5			2022-12-05T00:00:00	5	12	2022	2423497	2423497	HUMAN_OBSERVATION	Promigas S.A E.S.P (Promigas)						CC_BY_NC_4_0					2023-05-09T00:19:38.856Z		COORDINATE_ROUNDED
4101670430	004b9605-989f-4d7a-a6b4-821e0755c1e0	Promigas:Jobo-Majaguas_compensacion:0115	Animalia	Chordata	Squamata		Sphaerodactylidae	Gonatodes	Gonatodes albogularis		SPECIES	Gonatodes albogularis (Duméril & Bibron, 1836)	Gonatodes albogularis	(Duméril & Bibron, 1836)	CO	Drenaje pequeño con caudal intermitente, cuenta con un bosque ripario de dosel cerrado	Sucre	PRESENT	6	dbc2ab56-d499-403c-8db5-c1a49cd0b75f	9.215019	-75.408406			157.5	1.5			2022-12-05T00:00:00	5	12	2022	2447609	2447609	HUMAN_OBSERVATION	Promigas S.A E.S.P (Promigas)						CC_BY_NC_4_0					2023-05-09T00:19:38.854Z		COORDINATE_ROUNDED
4101670429	004b9605-989f-4d7a-a6b4-821e0755c1e0	Promigas:Jobo-Majaguas_compensacion:0116	Animalia	Chordata	Squamata		Iguanidae	Iguana	Iguana iguana		SPECIES	Iguana iguana (Linnaeus, 1758)	Iguana iguana	(Linnaeus, 1758)	CO	Drenaje pequeño con caudal intermitente, cuenta con un bosque ripario de dosel cerrado	Sucre	PRESENT	1	dbc2ab56-d499-403c-8db5-c1a49cd0b75f	9.215019	-75.408406			157.5	1.5			2022-12-05T00:00:00	5	12	2022	2459658	2459658	HUMAN_OBSERVATION	Promigas S.A E.S.P (Promigas)						CC_BY_NC_4_0					2023-05-09T00:19:38.850Z		COORDINATE_ROUNDED
4101670428	004b9605-989f-4d7a-a6b4-821e0755c1e0	Promigas:Jobo-Majaguas_compensacion:0117	Animalia	Chordata	Squamata		Sphaerodactylidae	Lepidoblepharis	Lepidoblepharis sanctaemartae		SPECIES	Lepidoblepharis sanctaemartae (Ruthven, 1916)	Lepidoblepharis sanctaemartae	(Ruthven, 1916)	CO	Drenaje pequeño con caudal intermitente, cuenta con un bosque ripario de dosel cerrado	Sucre	PRESENT	7	dbc2ab56-d499-403c-8db5-c1a49cd0b75f	9.216742	-75.407947			158.0	1.0			2022-12-06T00:00:00	6	12	2022	2446446	2446446	HUMAN_OBSERVATION	Promigas S.A E.S.P (Promigas)						CC_BY_NC_4_0					2023-05-09T00:19:38.847Z		COORDINATE_ROUNDED
4101670427	004b9605-989f-4d7a-a6b4-821e0755c1e0	Promigas:Jobo-Majaguas_compensacion:0110	Animalia	Chordata	Squamata		Teiidae	Ameiva	Ameiva praesignis		SPECIES	Ameiva praesignis (Baird & Girard, 1852)	Ameiva praesignis	(Baird & Girard, 1852)	CO	Drenaje pequeño con caudal intermitente, cuenta con un bosque ripario de dosel cerrado	Sucre	PRESENT	1	dbc2ab56-d499-403c-8db5-c1a49cd0b75f	9.217022	-75.407953			157.0	2.0			2022-12-04T00:00:00	4	12	2022	7505629	7505629	HUMAN_OBSERVATION	Promigas S.A E.S.P (Promigas)						CC_BY_NC_4_0					2023-05-09T00:19:38.844Z		COORDINATE_ROUNDED
4101670426	004b9605-989f-4d7a-a6b4-821e0755c1e0	Promigas:Jobo-Majaguas_compensacion:0077	Plantae	Tracheophyta	Liliopsida	Poales	Poaceae	Axonopus	Axonopus compressus		SPECIES	Axonopus compressus (Sw.) P.Beauv.	Axonopus compressus	(Sw.) P.Beauv.	CO	Arbustal abierto en estado de sucesión secundaria, rodeado de parches de vegetacion pequeños y pastos enmalezados vegetacion	Sucre	PRESENT	1	dbc2ab56-d499-403c-8db5-c1a49cd0b75f	9.217103	-75.407683			162.0	0.0			2022-11-22T00:00:00	22	11	2022	2705924	2705924	HUMAN_OBSERVATION	Promigas S.A E.S.P (Promigas)						CC_BY_NC_4_0					2023-05-09T00:19:38.841Z		COORDINATE_ROUNDED
4101670425	004b9605-989f-4d7a-a6b4-821e0755c1e0	Promigas:Jobo-Majaguas_compensacion:0111	Animalia	Chordata	Squamata		Dactyloidae	Anolis	Anolis gaigei		SPECIES	Anolis gaigei Ruthven, 1916	Anolis gaigei	Ruthven, 1916	CO	Drenaje pequeño con caudal intermitente, cuenta con un bosque ripario de dosel cerrado	Sucre	PRESENT	2	dbc2ab56-d499-403c-8db5-c1a49cd0b75f	9.217022	-75.407953			157.0	2.0			2022-12-04T00:00:00	4	12	2022	2467747	2467747	HUMAN_OBSERVATION	Promigas S.A E.S.P (Promigas)						CC_BY_NC_4_0					2023-05-09T00:19:38.838Z		COORDINATE_ROUNDED
4101670424	004b9605-989f-4d7a-a6b4-821e0755c1e0	Promigas:Jobo-Majaguas_compensacion:0078	Plantae	Tracheophyta	Magnoliopsida	Sapindales	Sapindaceae	Matayba	Matayba scrobiculata		SPECIES	Matayba scrobiculata (Kunth) Radlk.	Matayba scrobiculata	(Kunth) Radlk.	CO	Arbustal abierto en estado de sucesión secundaria, rodeado de parches de vegetacion pequeños y pastos enmalezados vegetacion	Sucre	PRESENT	1	dbc2ab56-d499-403c-8db5-c1a49cd0b75f	9.217103	-75.407683			162.0	0.0			2022-11-22T00:00:00	22	11	2022	3784004	3784004	HUMAN_OBSERVATION	Promigas S.A E.S.P (Promigas)						CC_BY_NC_4_0					2023-05-09T00:19:38.831Z		COORDINATE_ROUNDED
4101670423	004b9605-989f-4d7a-a6b4-821e0755c1e0	Promigas:Jobo-Majaguas_compensacion:0112	Animalia	Chordata	Squamata		Phyllodactylidae	Thecadactylus	Thecadactylus rapicauda		SPECIES	Thecadactylus rapicauda (Houttuyn, 1782)	Thecadactylus rapicauda	(Houttuyn, 1782)	CO	Drenaje pequeño con caudal intermitente, cuenta con un bosque ripario de dosel cerrado	Sucre	PRESENT	2	dbc2ab56-d499-403c-8db5-c1a49cd0b75f	9.215019	-75.408406			157.5	1.5			2022-12-05T00:00:00	5	12	2022	2445829	2445829	HUMAN_OBSERVATION	Promigas S.A E.S.P (Promigas)						CC_BY_NC_4_0					2023-05-09T00:19:38.828Z		COORDINATE_ROUNDED
4101670422	004b9605-989f-4d7a-a6b4-821e0755c1e0	Promigas:Jobo-Majaguas_compensacion:0079	Plantae	Tracheophyta	Magnoliopsida	Lamiales	Acanthaceae	Ruellia			GENUS	Ruellia L.	Ruellia	L.	CO	Arbustal abierto en estado de sucesión secundaria, rodeado de parches de vegetacion pequeños y pastos enmalezados vegetacion	Sucre	PRESENT	4	dbc2ab56-d499-403c-8db5-c1a49cd0b75f	9.217103	-75.407683			162.0	0.0			2022-11-22T00:00:00	22	11	2022	3171840		HUMAN_OBSERVATION	Promigas S.A E.S.P (Promigas)						CC_BY_NC_4_0					2023-05-09T00:19:38.824Z		COORDINATE_ROUNDED
4101670421	004b9605-989f-4d7a-a6b4-821e0755c1e0	Promigas:Jobo-Majaguas_compensacion:0113	Animalia	Chordata	Squamata		Teiidae	Cnemidophorus	Cnemidophorus lemniscatus		SPECIES	Cnemidophorus lemniscatus (Linnaeus, 1758)	Cnemidophorus lemniscatus	(Linnaeus, 1758)	CO	Drenaje pequeño con caudal intermitente, cuenta con un bosque ripario de dosel cerrado	Sucre	PRESENT	2	dbc2ab56-d499-403c-8db5-c1a49cd0b75f	9.215019	-75.408406			157.5	1.5			2022-12-05T00:00:00	5	12	2022	5227564	5227564	HUMAN_OBSERVATION	Promigas S.A E.S.P (Promigas)						CC_BY_NC_4_0					2023-05-09T00:19:38.820Z		COORDINATE_ROUNDED
4101670420	004b9605-989f-4d7a-a6b4-821e0755c1e0	Promigas:Jobo-Majaguas_compensacion:0073	Plantae	Tracheophyta	Magnoliopsida	Malvales	Malvaceae	Sida	Sida acuta		SPECIES	Sida acuta Burm.fil.	Sida acuta	Burm.fil.	CO	Arbustal abierto en estado de sucesión secundaria, rodeado de parches de vegetacion pequeños y pastos enmalezados vegetacion	Sucre	PRESENT	2	dbc2ab56-d499-403c-8db5-c1a49cd0b75f	9.217103	-75.407683			162.0	0.0			2022-11-22T00:00:00	22	11	2022	3933670	3933670	HUMAN_OBSERVATION	Promigas S.A E.S.P (Promigas)						CC_BY_NC_4_0					2023-05-09T00:19:38.818Z		COORDINATE_ROUNDED
4101670419	004b9605-989f-4d7a-a6b4-821e0755c1e0	Promigas:Jobo-Majaguas_compensacion:0074	Plantae	Tracheophyta	Magnoliopsida	Fabales	Fabaceae	Calopogonium	Calopogonium mucunoides		SPECIES	Calopogonium mucunoides Desv.	Calopogonium mucunoides	Desv.	CO	Arbustal abierto en estado de sucesión secundaria, rodeado de parches de vegetacion pequeños y pastos enmalezados vegetacion	Sucre	PRESENT	1	dbc2ab56-d499-403c-8db5-c1a49cd0b75f	9.217103	-75.407683			162.0	0.0			2022-11-22T00:00:00	22	11	2022	2959433	2959433	HUMAN_OBSERVATION	Promigas S.A E.S.P (Promigas)						CC_BY_NC_4_0					2023-05-09T00:19:38.815Z		COORDINATE_ROUNDED
4101670418	004b9605-989f-4d7a-a6b4-821e0755c1e0	Promigas:Jobo-Majaguas_compensacion:0075	Plantae	Tracheophyta	Magnoliopsida	Lamiales	Acanthaceae	Ruellia			GENUS	Ruellia L.	Ruellia	L.	CO	Arbustal abierto en estado de sucesión secundaria, rodeado de parches de vegetacion pequeños y pastos enmalezados vegetacion	Sucre	PRESENT	7	dbc2ab56-d499-403c-8db5-c1a49cd0b75f	9.217103	-75.407683			162.0	0.0			2022-11-22T00:00:00	22	11	2022	3171840		HUMAN_OBSERVATION	Promigas S.A E.S.P (Promigas)						CC_BY_NC_4_0					2023-05-09T00:19:38.811Z		COORDINATE_ROUNDED
4101670417	004b9605-989f-4d7a-a6b4-821e0755c1e0	Promigas:Jobo-Majaguas_compensacion:0076	Plantae	Tracheophyta	Magnoliopsida	Fabales	Fabaceae	Desmodium	Desmodium incanum		SPECIES	Desmodium incanum (Sw.) DC.	Desmodium incanum	(Sw.) DC.	CO	Arbustal abierto en estado de sucesión secundaria, rodeado de parches de vegetacion pequeños y pastos enmalezados vegetacion	Sucre	PRESENT	1	dbc2ab56-d499-403c-8db5-c1a49cd0b75f	9.217103	-75.407683			162.0	0.0			2022-11-22T00:00:00	22	11	2022	2967060	2967060	HUMAN_OBSERVATION	Promigas S.A E.S.P (Promigas)						CC_BY_NC_4_0					2023-05-09T00:19:38.809Z		COORDINATE_ROUNDED
4101670416	004b9605-989f-4d7a-a6b4-821e0755c1e0	Promigas:Jobo-Majaguas_compensacion:0070	Plantae	Tracheophyta	Magnoliopsida	Fabales	Fabaceae	Desmodium	Desmodium incanum		SPECIES	Desmodium incanum (Sw.) DC.	Desmodium incanum	(Sw.) DC.	CO	Arbustal abierto en estado de sucesión secundaria, rodeado de parches de vegetacion pequeños y pastos enmalezados vegetacion	Sucre	PRESENT	1	dbc2ab56-d499-403c-8db5-c1a49cd0b75f	9.217103	-75.407683			162.0	0.0			2022-11-22T00:00:00	22	11	2022	2967060	2967060	HUMAN_OBSERVATION	Promigas S.A E.S.P (Promigas)						CC_BY_NC_4_0					2023-05-09T00:19:38.806Z		COORDINATE_ROUNDED
4101670415	004b9605-989f-4d7a-a6b4-821e0755c1e0	Promigas:Jobo-Majaguas_compensacion:0071	Plantae	Tracheophyta	Magnoliopsida	Malpighiales	Euphorbiaceae	Dalechampia	Dalechampia scandens		SPECIES	Dalechampia scandens L.	Dalechampia scandens	L.	CO	Arbustal abierto en estado de sucesión secundaria, rodeado de parches de vegetacion pequeños y pastos enmalezados vegetacion	Sucre	PRESENT	1	dbc2ab56-d499-403c-8db5-c1a49cd0b75f	9.217103	-75.407683			162.0	0.0			2022-11-22T00:00:00	22	11	2022	3055569	3055569	HUMAN_OBSERVATION	Promigas S.A E.S.P (Promigas)						CC_BY_NC_4_0					2023-05-09T00:19:38.803Z		COORDINATE_ROUNDED
4101670414	004b9605-989f-4d7a-a6b4-821e0755c1e0	Promigas:Jobo-Majaguas_compensacion:0072	Plantae	Tracheophyta	Magnoliopsida	Fabales	Fabaceae	Aeschynomene	Aeschynomene americana		SPECIES	Aeschynomene americana L.	Aeschynomene americana	L.	CO	Arbustal abierto en estado de sucesión secundaria, rodeado de parches de vegetacion pequeños y pastos enmalezados vegetacion	Sucre	PRESENT	1	dbc2ab56-d499-403c-8db5-c1a49cd0b75f	9.217103	-75.407683			162.0	0.0			2022-11-22T00:00:00	22	11	2022	2949235	2949235	HUMAN_OBSERVATION	Promigas S.A E.S.P (Promigas)						CC_BY_NC_4_0					2023-05-09T00:19:38.798Z		COORDINATE_ROUNDED
4101670413	004b9605-989f-4d7a-a6b4-821e0755c1e0	Promigas:Jobo-Majaguas_compensacion:0129	Animalia	Chordata	Mammalia	Didelphimorphia	Didelphidae	Didelphis	Didelphis marsupialis		SPECIES	Didelphis marsupialis Linnaeus, 1758	Didelphis marsupialis	Linnaeus, 1758	CO	Drenaje pequeño con caudal intermitente, cuenta con un bosque ripario de dosel cerrado	Sucre	PRESENT	1	dbc2ab56-d499-403c-8db5-c1a49cd0b75f	9.216137	-75.407874	256.0		137.7	6.540000000000006			2022-12-06T00:00:00	6	12	2022	2439920	2439920	MATERIAL_SAMPLE	Promigas S.A E.S.P (Promigas)						CC_BY_NC_4_0					2023-05-09T00:19:38.795Z		
4101670412	004b9605-989f-4d7a-a6b4-821e0755c1e0	Promigas:Jobo-Majaguas_compensacion:0008	Animalia	Chordata	Aves	Psittaciformes	Psittacidae	Brotogeris	Brotogeris jugularis		SPECIES	Brotogeris jugularis (Statius Muller, 1776)	Brotogeris jugularis	(Statius Muller, 1776)	CO	vegetacion graminea dominate con escasos arboles pequeños y elevaciones de terreno	Sucre	PRESENT	20	dbc2ab56-d499-403c-8db5-c1a49cd0b75f	9.216137	-75.407874	256.0		146.07	6.599999999999994			2022-12-05T00:00:00	5	12	2022	2479563	2479563	HUMAN_OBSERVATION	Promigas S.A E.S.P (Promigas)						CC_BY_NC_4_0					2023-05-09T00:19:38.792Z		
4101670411	004b9605-989f-4d7a-a6b4-821e0755c1e0	Promigas:Jobo-Majaguas_compensacion:0009	Animalia	Chordata	Aves	Falconiformes	Falconidae	Caracara	Caracara plancus		SPECIES	Caracara plancus (J.F.Miller, 1777)	Caracara plancus	(J.F.Miller, 1777)	CO	vegetacion graminea dominate con escasos arboles pequeños y elevaciones de terreno	Sucre	PRESENT	1	dbc2ab56-d499-403c-8db5-c1a49cd0b75f	9.216137	-75.407874	256.0		146.07	6.599999999999994			2022-12-05T00:00:00	5	12	2022	2480989	2480989	HUMAN_OBSERVATION	Promigas S.A E.S.P (Promigas)						CC_BY_NC_4_0					2023-05-09T00:19:38.789Z		
4101670410	004b9605-989f-4d7a-a6b4-821e0755c1e0	Promigas:Jobo-Majaguas_compensacion:0125	Animalia	Chordata	Mammalia	Chiroptera	Phyllostomidae	Artibeus	Artibeus jamaicensis		SPECIES	Artibeus jamaicensis Leach, 1821	Artibeus jamaicensis	Leach, 1821	CO	Drenaje pequeño con caudal intermitente, cuenta con un bosque ripario de dosel cerrado	Sucre	PRESENT	6	dbc2ab56-d499-403c-8db5-c1a49cd0b75f	9.215034	-75.408515			145.3	0.0			2022-12-04T00:00:00	4	12	2022	2433272	2433272	HUMAN_OBSERVATION	Promigas S.A E.S.P (Promigas)						CC_BY_NC_4_0					2023-05-09T00:19:38.787Z		
4101670409	004b9605-989f-4d7a-a6b4-821e0755c1e0	Promigas:Jobo-Majaguas_compensacion:0004	Animalia	Chordata	Aves	Piciformes	Picidae	Dryocopus	Dryocopus lineatus		SPECIES	Dryocopus lineatus (Linnaeus, 1766)	Dryocopus lineatus	(Linnaeus, 1766)	CO	Agrupacion arborea en caudal intermitente,heterogeneo en cobertura y estructura vegetal, precencia de palmas adultas y en crecimeinto	Sucre	PRESENT	4	dbc2ab56-d499-403c-8db5-c1a49cd0b75f	9.216137	-75.407874	256.0		148.60000000000002	5.549999999999997			2022-12-04T00:00:00	4	12	2022	5228831	5228831	HUMAN_OBSERVATION	Promigas S.A E.S.P (Promigas)						CC_BY_NC_4_0					2023-05-09T00:19:38.779Z		
4101670408	004b9605-989f-4d7a-a6b4-821e0755c1e0	Promigas:Jobo-Majaguas_compensacion:0126	Animalia	Chordata	Mammalia	Chiroptera	Phyllostomidae	Artibeus	Artibeus lituratus		SPECIES	Artibeus lituratus (Olfers, 1818)	Artibeus lituratus	(Olfers, 1818)	CO	Drenaje pequeño con caudal intermitente, cuenta con un bosque ripario de dosel cerrado	Sucre	PRESENT	4	dbc2ab56-d499-403c-8db5-c1a49cd0b75f	9.215034	-75.408515			145.3	0.0			2022-12-04T00:00:00	4	12	2022	2433270	2433270	HUMAN_OBSERVATION	Promigas S.A E.S.P (Promigas)						CC_BY_NC_4_0					2023-05-09T00:19:38.775Z		
4101670407	004b9605-989f-4d7a-a6b4-821e0755c1e0	Promigas:Jobo-Majaguas_compensacion:0005	Animalia	Chordata	Aves	Passeriformes	Tyrannidae	Myiozetetes	Myiozetetes similis		SPECIES	Myiozetetes similis (Spix, 1825)	Myiozetetes similis	(Spix, 1825)	CO	Agrupacion arborea en caudal intermitente,heterogeneo en cobertura y estructura vegetal, precencia de palmas adultas y en crecimeinto	Sucre	PRESENT	3	dbc2ab56-d499-403c-8db5-c1a49cd0b75f	9.216137	-75.407874	256.0		148.60000000000002	5.549999999999997			2022-12-04T00:00:00	4	12	2022	2482913	2482913	HUMAN_OBSERVATION	Promigas S.A E.S.P (Promigas)						CC_BY_NC_4_0					2023-05-09T00:19:38.772Z		
4101670406	004b9605-989f-4d7a-a6b4-821e0755c1e0	Promigas:Jobo-Majaguas_compensacion:0127	Animalia	Chordata	Mammalia	Rodentia	Sciuridae	Sciurus	Sciurus granatensis		SPECIES	Sciurus granatensis Humboldt, 1811	Sciurus granatensis	Humboldt, 1811	CO	Drenaje pequeño con caudal intermitente, cuenta con un bosque ripario de dosel cerrado	Sucre	PRESENT	3	dbc2ab56-d499-403c-8db5-c1a49cd0b75f	9.216137	-75.407874	256.0		149.02499999999998	7.924999999999997			2022-12-04T00:00:00	4	12	2022	5219666	5219666	HUMAN_OBSERVATION	Promigas S.A E.S.P (Promigas)						CC_BY_NC_4_0					2023-05-09T00:19:38.769Z		
4101670405	004b9605-989f-4d7a-a6b4-821e0755c1e0	Promigas:Jobo-Majaguas_compensacion:0006	Animalia	Chordata	Aves	Galliformes	Cracidae	Ortalis	Ortalis garrula		SPECIES	Ortalis garrula (Humboldt, 1805)	Ortalis garrula	(Humboldt, 1805)	CO	Agrupacion arborea en caudal intermitente,heterogeneo en cobertura y estructura vegetal, precencia de palmas adultas y en crecimeinto	Sucre	PRESENT	5	dbc2ab56-d499-403c-8db5-c1a49cd0b75f	9.216137	-75.407874	256.0		148.60000000000002	5.549999999999997			2022-12-04T00:00:00	4	12	2022	5229446	5229446	HUMAN_OBSERVATION	Promigas S.A E.S.P (Promigas)						CC_BY_NC_4_0					2023-05-09T00:19:38.766Z		
4101670404	004b9605-989f-4d7a-a6b4-821e0755c1e0	Promigas:Jobo-Majaguas_compensacion:0128	Animalia	Chordata	Mammalia	Primates	Atelidae	Alouatta	Alouatta seniculus		SPECIES	Alouatta seniculus (Linnaeus, 1766)	Alouatta seniculus	(Linnaeus, 1766)	CO	Drenaje pequeño con caudal intermitente, cuenta con un bosque ripario de dosel cerrado	Sucre	PRESENT	8	dbc2ab56-d499-403c-8db5-c1a49cd0b75f	9.216137	-75.407874	256.0		137.7	6.540000000000006			2022-12-06T00:00:00	6	12	2022	2436648	2436648	HUMAN_OBSERVATION	Promigas S.A E.S.P (Promigas)						CC_BY_NC_4_0					2023-05-09T00:19:38.764Z		
4101670403	004b9605-989f-4d7a-a6b4-821e0755c1e0	Promigas:Jobo-Majaguas_compensacion:0007	Animalia	Chordata	Aves	Cuculiformes	Cuculidae	Piaya	Piaya cayana		SPECIES	Piaya cayana (Linnaeus, 1766)	Piaya cayana	(Linnaeus, 1766)	CO	Agrupacion arborea en caudal intermitente,heterogeneo en cobertura y estructura vegetal, precencia de palmas adultas y en crecimeinto	Sucre	PRESENT	1	dbc2ab56-d499-403c-8db5-c1a49cd0b75f	9.216137	-75.407874	256.0		148.60000000000002	5.549999999999997			2022-12-04T00:00:00	4	12	2022	2496432	2496432	HUMAN_OBSERVATION	Promigas S.A E.S.P (Promigas)						CC_BY_NC_4_0					2023-05-09T00:19:38.759Z		
4101670402	004b9605-989f-4d7a-a6b4-821e0755c1e0	Promigas:Jobo-Majaguas_compensacion:00100	Animalia	Chordata	Squamata		Dactyloidae	Anolis	Anolis gaigei		SPECIES	Anolis gaigei Ruthven, 1916	Anolis gaigei	Ruthven, 1916	CO	pastos arbolados, loma y pendientes- hierba media-arboles de ceiba	Sucre	PRESENT	1	dbc2ab56-d499-403c-8db5-c1a49cd0b75f	9.216964	-75.407753			166.0	6.0			2022-12-04T00:00:00	4	12	2022	2467747	2467747	HUMAN_OBSERVATION	Promigas S.A E.S.P (Promigas)						CC_BY_NC_4_0					2023-05-09T00:19:38.761Z		COORDINATE_ROUNDED
4101670401	004b9605-989f-4d7a-a6b4-821e0755c1e0	Promigas:Jobo-Majaguas_compensacion:0121	Animalia	Chordata	Crocodylia		Alligatoridae	Caiman	Caiman crocodilus		SPECIES	Caiman crocodilus (Linnaeus, 1758)	Caiman crocodilus	(Linnaeus, 1758)	CO	Drenaje pequeño con caudal intermitente, cuenta con un bosque ripario de dosel cerrado	Sucre	PRESENT	1	dbc2ab56-d499-403c-8db5-c1a49cd0b75f	9.215011	-75.408311			158.5	1.5			2022-12-06T00:00:00	6	12	2022	8953936	8953936	HUMAN_OBSERVATION	Promigas S.A E.S.P (Promigas)						CC_BY_NC_4_0					2023-05-09T00:19:38.757Z		COORDINATE_ROUNDED
4101670400	004b9605-989f-4d7a-a6b4-821e0755c1e0	Promigas:Jobo-Majaguas_compensacion:0088	Plantae	Tracheophyta	Magnoliopsida	Malpighiales	Salicaceae	Casearia	Casearia corymbosa		SPECIES	Casearia corymbosa Kunth	Casearia corymbosa	Kunth	CO	Pastos arbolados con presencia de malezas, cercano a un arroyo y cuerpo de agua, con presencia de ganado.	Sucre	PRESENT	1	dbc2ab56-d499-403c-8db5-c1a49cd0b75f	9.214778	-75.407769			165.0	0.0			2022-11-23T00:00:00	23	11	2022	5603969	5603969	HUMAN_OBSERVATION	Promigas S.A E.S.P (Promigas)						CC_BY_NC_4_0					2023-05-09T00:19:38.753Z		COORDINATE_ROUNDED
4101670399	004b9605-989f-4d7a-a6b4-821e0755c1e0	Promigas:Jobo-Majaguas_compensacion:0122	Animalia	Chordata	Amphibia	Anura	Hylidae	Boana	Boana pugnax		SPECIES	Boana pugnax (Schmidt, 1857)	Boana pugnax	(Schmidt, 1857)	CO	Drenaje pequeño con caudal intermitente, cuenta con un bosque ripario de dosel cerrado	Sucre	PRESENT	6	dbc2ab56-d499-403c-8db5-c1a49cd0b75f	9.215011	-75.408311			158.5	1.5			2022-12-06T00:00:00	6	12	2022	10820559	10820559	HUMAN_OBSERVATION	Promigas S.A E.S.P (Promigas)						CC_BY_NC_4_0					2023-05-09T00:19:38.750Z		COORDINATE_ROUNDED
4101670398	004b9605-989f-4d7a-a6b4-821e0755c1e0	Promigas:Jobo-Majaguas_compensacion:0089	Plantae	Tracheophyta	Magnoliopsida	Fabales	Fabaceae	Coursetia	Coursetia ferruginea		SPECIES	Coursetia ferruginea (Kunth) Lavin	Coursetia ferruginea	(Kunth) Lavin	CO	Pastos limpios, cerca a un arroyo, zona desmontada, erosion en el suelo y presencia de ganado.	Sucre	PRESENT	1	dbc2ab56-d499-403c-8db5-c1a49cd0b75f	9.215203	-75.408569			150.0	0.0			2022-11-24T00:00:00	24	11	2022	2959249	2959249	HUMAN_OBSERVATION	Promigas S.A E.S.P (Promigas)						CC_BY_NC_4_0					2023-05-09T00:19:38.747Z		COORDINATE_ROUNDED
4101670397	004b9605-989f-4d7a-a6b4-821e0755c1e0	Promigas:Jobo-Majaguas_compensacion:0001	Animalia	Chordata	Aves	Apodiformes	Trochilidae	Phaethornis	Phaethornis anthophilus		SPECIES	Phaethornis anthophilus (Bourcier, 1843)	Phaethornis anthophilus	(Bourcier, 1843)	CO	Drenaje pequeño con caudal intermitente, cuenta con un bosque ripario de dosel cerrado	Sucre	PRESENT	1	dbc2ab56-d499-403c-8db5-c1a49cd0b75f	9.215034	-75.408515			145.3	0.0			2022-12-04T00:00:00	4	12	2022	2476595	2476595	HUMAN_OBSERVATION	Promigas S.A E.S.P (Promigas)						CC_BY_NC_4_0					2023-05-09T00:19:38.744Z		
4101670396	004b9605-989f-4d7a-a6b4-821e0755c1e0	Promigas:Jobo-Majaguas_compensacion:0123	Animalia	Chordata	Mammalia	Carnivora	Procyonidae	Procyon	Procyon cancrivorus		SPECIES	Procyon cancrivorus G	Procyon cancrivorus	G	CO	Drenaje pequeño con caudal intermitente, cuenta con un bosque ripario de dosel cerrado	Sucre	PRESENT	1	dbc2ab56-d499-403c-8db5-c1a49cd0b75f	9.216367	-75.408182			140.1	0.0			2022-12-03T00:00:00	3	12	2022	9518324	9518324	MATERIAL_SAMPLE	Promigas S.A E.S.P (Promigas)						CC_BY_NC_4_0					2023-05-09T00:19:38.740Z		COORDINATE_ROUNDED
4101670395	004b9605-989f-4d7a-a6b4-821e0755c1e0	Promigas:Jobo-Majaguas_compensacion:0002	Animalia	Chordata	Aves	Piciformes	Picidae	Dryocopus	Dryocopus lineatus		SPECIES	Dryocopus lineatus (Linnaeus, 1766)	Dryocopus lineatus	(Linnaeus, 1766)	CO	Agrupacion arborea en caudal intermitente,heterogeneo en cobertura y estructura vegetal, precencia de palmas adultas y en crecimeinto	Sucre	PRESENT	1	dbc2ab56-d499-403c-8db5-c1a49cd0b75f	9.216137	-75.407874	256.0		148.60000000000002	5.549999999999997			2022-12-04T00:00:00	4	12	2022	5228831	5228831	HUMAN_OBSERVATION	Promigas S.A E.S.P (Promigas)						CC_BY_NC_4_0					2023-05-09T00:19:38.733Z		
4101670394	004b9605-989f-4d7a-a6b4-821e0755c1e0	Promigas:Jobo-Majaguas_compensacion:0124	Animalia	Chordata	Mammalia	Didelphimorphia	Didelphidae	Didelphis	Didelphis marsupialis		SPECIES	Didelphis marsupialis Linnaeus, 1758	Didelphis marsupialis	Linnaeus, 1758	CO	Drenaje pequeño con caudal intermitente, cuenta con un bosque ripario de dosel cerrado	Sucre	PRESENT	1	dbc2ab56-d499-403c-8db5-c1a49cd0b75f	9.215107	-75.408201			125.3	0.0			2022-12-03T00:00:00	3	12	2022	2439920	2439920	MATERIAL_SAMPLE	Promigas S.A E.S.P (Promigas)						CC_BY_NC_4_0					2023-05-09T00:19:38.715Z		COORDINATE_ROUNDED
4101670393	004b9605-989f-4d7a-a6b4-821e0755c1e0	Promigas:Jobo-Majaguas_compensacion:0003	Animalia	Chordata	Aves	Passeriformes	Corvidae	Cyanocorax	Cyanocorax affinis		SPECIES	Cyanocorax affinis Pelzeln, 1856	Cyanocorax affinis	Pelzeln, 1856	CO	Agrupacion arborea en caudal intermitente,heterogeneo en cobertura y estructura vegetal, precencia de palmas adultas y en crecimeinto	Sucre	PRESENT	12	dbc2ab56-d499-403c-8db5-c1a49cd0b75f	9.216137	-75.407874	256.0		148.60000000000002	5.549999999999997			2022-12-04T00:00:00	4	12	2022	2482559	2482559	HUMAN_OBSERVATION	Promigas S.A E.S.P (Promigas)						CC_BY_NC_4_0					2023-05-09T00:19:38.710Z		
4101670392	004b9605-989f-4d7a-a6b4-821e0755c1e0	Promigas:Jobo-Majaguas_compensacion:0084	Plantae	Tracheophyta	Magnoliopsida	Boraginales	Cordiaceae	Cordia	Cordia alliodora		SPECIES	Cordia alliodora (Ruiz & Pav.) Oken	Cordia alliodora	(Ruiz & Pav.) Oken	CO	Pastos arbolados con presencia de malezas, cercano a un arroyo y cuerpo de agua, con presencia de ganado.	Sucre	PRESENT	6	dbc2ab56-d499-403c-8db5-c1a49cd0b75f	9.214778	-75.407769			165.0	0.0			2022-11-23T00:00:00	23	11	2022	7649215	7649215	HUMAN_OBSERVATION	Promigas S.A E.S.P (Promigas)						CC_BY_NC_4_0					2023-05-09T00:19:38.708Z		COORDINATE_ROUNDED
4101670391	004b9605-989f-4d7a-a6b4-821e0755c1e0	Promigas:Jobo-Majaguas_compensacion:0085	Plantae	Tracheophyta	Magnoliopsida	Sapindales	Sapindaceae	Matayba	Matayba scrobiculata		SPECIES	Matayba scrobiculata (Kunth) Radlk.	Matayba scrobiculata	(Kunth) Radlk.	CO	Pastos arbolados con presencia de malezas, cercano a un arroyo y cuerpo de agua, con presencia de ganado.	Sucre	PRESENT	5	dbc2ab56-d499-403c-8db5-c1a49cd0b75f	9.214778	-75.407769			165.0	0.0			2022-11-23T00:00:00	23	11	2022	3784004	3784004	HUMAN_OBSERVATION	Promigas S.A E.S.P (Promigas)						CC_BY_NC_4_0					2023-05-09T00:19:38.705Z		COORDINATE_ROUNDED
4101670390	004b9605-989f-4d7a-a6b4-821e0755c1e0	Promigas:Jobo-Majaguas_compensacion:0086	Plantae	Tracheophyta	Magnoliopsida	Fabales	Fabaceae	Coursetia	Coursetia ferruginea		SPECIES	Coursetia ferruginea (Kunth) Lavin	Coursetia ferruginea	(Kunth) Lavin	CO	Pastos arbolados con presencia de malezas, cercano a un arroyo y cuerpo de agua, con presencia de ganado.	Sucre	PRESENT	4	dbc2ab56-d499-403c-8db5-c1a49cd0b75f	9.214778	-75.407769			165.0	0.0			2022-11-23T00:00:00	23	11	2022	2959249	2959249	HUMAN_OBSERVATION	Promigas S.A E.S.P (Promigas)						CC_BY_NC_4_0					2023-05-09T00:19:38.702Z		COORDINATE_ROUNDED
4101670389	004b9605-989f-4d7a-a6b4-821e0755c1e0	Promigas:Jobo-Majaguas_compensacion:0120	Animalia	Chordata	Amphibia	Anura	Hylidae	Scinax	Scinax ruber		SPECIES	Scinax ruber (Laurenti, 1768)	Scinax ruber	(Laurenti, 1768)	CO	Drenaje pequeño con caudal intermitente, cuenta con un bosque ripario de dosel cerrado	Sucre	PRESENT	3	dbc2ab56-d499-403c-8db5-c1a49cd0b75f	9.215011	-75.408311			158.5	1.5			2022-12-06T00:00:00	6	12	2022	5217952	5217952	HUMAN_OBSERVATION	Promigas S.A E.S.P (Promigas)						CC_BY_NC_4_0					2023-05-09T00:19:38.677Z		COORDINATE_ROUNDED
4101670388	004b9605-989f-4d7a-a6b4-821e0755c1e0	Promigas:Jobo-Majaguas_compensacion:0087	Plantae	Tracheophyta	Magnoliopsida	Sapindales	Anacardiaceae	Astronium	Astronium graveolens		SPECIES	Astronium graveolens Jacq.	Astronium graveolens	Jacq.	CO	Pastos arbolados con presencia de malezas, cercano a un arroyo y cuerpo de agua, con presencia de ganado.	Sucre	PRESENT	1	dbc2ab56-d499-403c-8db5-c1a49cd0b75f	9.214778	-75.407769			165.0	0.0			2022-11-23T00:00:00	23	11	2022	7321588	7321588	HUMAN_OBSERVATION	Promigas S.A E.S.P (Promigas)						CC_BY_NC_4_0					2023-05-09T00:19:38.671Z		COORDINATE_ROUNDED
4101670387	004b9605-989f-4d7a-a6b4-821e0755c1e0	Promigas:Jobo-Majaguas_compensacion:0080	Plantae	Tracheophyta	Magnoliopsida	Fabales	Fabaceae	Calopogonium	Calopogonium mucunoides		SPECIES	Calopogonium mucunoides Desv.	Calopogonium mucunoides	Desv.	CO	Arbustal abierto en estado de sucesión secundaria, rodeado de parches de vegetacion pequeños y pastos enmalezados vegetacion	Sucre	PRESENT	1	dbc2ab56-d499-403c-8db5-c1a49cd0b75f	9.217103	-75.407683			162.0	0.0			2022-11-22T00:00:00	22	11	2022	2959433	2959433	HUMAN_OBSERVATION	Promigas S.A E.S.P (Promigas)						CC_BY_NC_4_0					2023-05-09T00:19:38.669Z		COORDINATE_ROUNDED
4101670386	004b9605-989f-4d7a-a6b4-821e0755c1e0	Promigas:Jobo-Majaguas_compensacion:0081	Plantae	Tracheophyta	Magnoliopsida	Malpighiales	Malpighiaceae	Malpighia	Malpighia glabra		SPECIES	Malpighia glabra L.	Malpighia glabra	L.	CO	Pastos arbolados con presencia de malezas, cercano a un arroyo y cuerpo de agua, con presencia de ganado.	Sucre	PRESENT	6	dbc2ab56-d499-403c-8db5-c1a49cd0b75f	9.214778	-75.407769			165.0	0.0			2022-11-23T00:00:00	23	11	2022	5421429	5421429	HUMAN_OBSERVATION	Promigas S.A E.S.P (Promigas)						CC_BY_NC_4_0					2023-05-09T00:19:38.665Z		COORDINATE_ROUNDED
4101670385	004b9605-989f-4d7a-a6b4-821e0755c1e0	Promigas:Jobo-Majaguas_compensacion:0082	Plantae	Tracheophyta	Liliopsida	Liliales	Smilacaceae	Smilax	Smilax spinosa		SPECIES	Smilax spinosa Mill.	Smilax spinosa	Mill.	CO	Pastos arbolados con presencia de malezas, cercano a un arroyo y cuerpo de agua, con presencia de ganado.	Sucre	PRESENT	3	dbc2ab56-d499-403c-8db5-c1a49cd0b75f	9.214778	-75.407769			165.0	0.0			2022-11-23T00:00:00	23	11	2022	5295334	5295334	HUMAN_OBSERVATION	Promigas S.A E.S.P (Promigas)						CC_BY_NC_4_0					2023-05-09T00:19:38.614Z		COORDINATE_ROUNDED
4101670384	004b9605-989f-4d7a-a6b4-821e0755c1e0	Promigas:Jobo-Majaguas_compensacion:0083	Plantae	Tracheophyta	Magnoliopsida	Lamiales	Acanthaceae	Ruellia			GENUS	Ruellia L.	Ruellia	L.	CO	Pastos arbolados con presencia de malezas, cercano a un arroyo y cuerpo de agua, con presencia de ganado.	Sucre	PRESENT	2	dbc2ab56-d499-403c-8db5-c1a49cd0b75f	9.214778	-75.407769			165.0	0.0			2022-11-23T00:00:00	23	11	2022	3171840		HUMAN_OBSERVATION	Promigas S.A E.S.P (Promigas)						CC_BY_NC_4_0					2023-05-09T00:19:38.609Z		COORDINATE_ROUNDED
4101670383	004b9605-989f-4d7a-a6b4-821e0755c1e0	Promigas:Jobo-Majaguas_compensacion:00010	Animalia	Chordata	Aves	Passeriformes	Fringillidae	Euphonia	Euphonia laniirostris		SPECIES	Euphonia laniirostris d'Orbigny & Lafresnaye, 1837	Euphonia laniirostris	d'Orbigny & Lafresnaye, 1837	CO	vegetacion graminea dominate con escasos arboles pequeños y elevaciones de terreno	Sucre	PRESENT	2	dbc2ab56-d499-403c-8db5-c1a49cd0b75f	9.216137	-75.407874	256.0		146.07	6.599999999999994			2022-12-05T00:00:00	5	12	2022	2487998	2487998	HUMAN_OBSERVATION	Promigas S.A E.S.P (Promigas)						CC_BY_NC_4_0					2023-05-09T00:19:38.600Z		
4101670382	004b9605-989f-4d7a-a6b4-821e0755c1e0	Promigas:Jobo-Majaguas_compensacion:0059	Animalia	Chordata	Aves	Passeriformes	Cardinalidae	Piranga	Piranga rubra		SPECIES	Piranga rubra (Linnaeus, 1758)	piranga rubra	(Linnaeus, 1758)	CO	vegetacion graminea dominate con escasos arboles pequeños y elevaciones de terreno	Sucre	PRESENT	1	dbc2ab56-d499-403c-8db5-c1a49cd0b75f	9.216137	-75.407874	256.0		162.605	17.875			2022-12-07T00:00:00	7	12	2022	2488485	2488485	HUMAN_OBSERVATION	Promigas S.A E.S.P (Promigas)						CC_BY_NC_4_0					2023-05-09T00:19:38.597Z		
4101670381	004b9605-989f-4d7a-a6b4-821e0755c1e0	Promigas:Jobo-Majaguas_compensacion:0055	Animalia	Chordata	Aves	Passeriformes	Icteridae	Psarocolius	Psarocolius decumanus		SPECIES	Psarocolius decumanus (Pallas, 1769)	Psarocolius decumanus	(Pallas, 1769)	CO	vegetacion graminea dominate con escasos arboles pequeños y elevaciones de terreno	Sucre	PRESENT	1	dbc2ab56-d499-403c-8db5-c1a49cd0b75f	9.216137	-75.407874	256.0		148.555	6.775000000000006			2022-12-05T00:00:00	5	12	2022	2484217	2484217	HUMAN_OBSERVATION	Promigas S.A E.S.P (Promigas)						CC_BY_NC_4_0					2023-05-09T00:19:38.594Z		
4101670380	004b9605-989f-4d7a-a6b4-821e0755c1e0	Promigas:Jobo-Majaguas_compensacion:0056	Animalia	Chordata	Aves	Passeriformes	Tyrannidae	Tyrannus	Tyrannus melancholicus		SPECIES	Tyrannus melancholicus Vieillot, 1819	Tyrannus melancholicus	Vieillot, 1819	CO	vegetacion graminea dominate con escasos arboles pequeños y elevaciones de terreno	Sucre	PRESENT	1	dbc2ab56-d499-403c-8db5-c1a49cd0b75f	9.216137	-75.407874	256.0		148.555	6.775000000000006			2022-12-05T00:00:00	5	12	2022	5229662	5229662	HUMAN_OBSERVATION	Promigas S.A E.S.P (Promigas)						CC_BY_NC_4_0					2023-05-09T00:19:38.591Z		
4101670379	004b9605-989f-4d7a-a6b4-821e0755c1e0	Promigas:Jobo-Majaguas_compensacion:0057	Animalia	Chordata	Aves	Passeriformes	Tyrannidae	Machetornis	Machetornis rixosa		SPECIES	Machetornis rixosa (Vieillot, 1819)	Machetornis rixosa	(Vieillot, 1819)	CO	vegetacion graminea dominate con escasos arboles pequeños y elevaciones de terreno	Sucre	PRESENT	1	dbc2ab56-d499-403c-8db5-c1a49cd0b75f	9.216137	-75.407874	256.0		162.605	17.875			2022-12-07T00:00:00	7	12	2022	2482934	2482934	HUMAN_OBSERVATION	Promigas S.A E.S.P (Promigas)						CC_BY_NC_4_0					2023-05-09T00:19:38.589Z		
4101670378	004b9605-989f-4d7a-a6b4-821e0755c1e0	Promigas:Jobo-Majaguas_compensacion:0058	Animalia	Chordata	Aves	Passeriformes	Thraupidae	Nemosia	Nemosia pileata		SPECIES	Nemosia pileata (Boddaert, 1783)	Nemosia pileata	(Boddaert, 1783)	CO	vegetacion graminea dominate con escasos arboles pequeños y elevaciones de terreno	Sucre	PRESENT	5	dbc2ab56-d499-403c-8db5-c1a49cd0b75f	9.216137	-75.407874	256.0		162.605	17.875			2022-12-07T00:00:00	7	12	2022	5230589	5230589	HUMAN_OBSERVATION	Promigas S.A E.S.P (Promigas)						CC_BY_NC_4_0					2023-05-09T00:19:38.586Z		
4101670377	004b9605-989f-4d7a-a6b4-821e0755c1e0	Promigas:Jobo-Majaguas_compensacion:0051	Animalia	Chordata	Aves	Passeriformes	Icteridae	Icterus	Icterus nigrogularis		SPECIES	Icterus nigrogularis (Hahn, 1819)	Icterus nigrogularis	(Hahn, 1819)	CO	vegetacion graminea dominate con escasos arboles pequeños y elevaciones de terreno	Sucre	PRESENT	2	dbc2ab56-d499-403c-8db5-c1a49cd0b75f	9.216137	-75.407874	256.0		141.5	7.5			2022-12-06T00:00:00	6	12	2022	5229939	5229939	HUMAN_OBSERVATION	Promigas S.A E.S.P (Promigas)						CC_BY_NC_4_0					2023-05-09T00:19:38.583Z		
4101670376	004b9605-989f-4d7a-a6b4-821e0755c1e0	Promigas:Jobo-Majaguas_compensacion:0052	Animalia	Chordata	Aves	Passeriformes	Cardinalidae	Piranga	Piranga rubra		SPECIES	Piranga rubra (Linnaeus, 1758)	piranga rubra	(Linnaeus, 1758)	CO	vegetacion graminea dominate con escasos arboles pequeños y elevaciones de terreno	Sucre	PRESENT	1	dbc2ab56-d499-403c-8db5-c1a49cd0b75f	9.216137	-75.407874	256.0		141.5	7.5			2022-12-06T00:00:00	6	12	2022	2488485	2488485	HUMAN_OBSERVATION	Promigas S.A E.S.P (Promigas)						CC_BY_NC_4_0					2023-05-09T00:19:38.578Z		
4101670375	004b9605-989f-4d7a-a6b4-821e0755c1e0	Promigas:Jobo-Majaguas_compensacion:0053	Animalia	Chordata	Aves	Falconiformes	Falconidae	Milvago	Milvago chimachima		SPECIES	Milvago chimachima (Vieillot, 1816)	Milvago chimachima	(Vieillot, 1816)	CO	vegetacion graminea dominate con escasos arboles pequeños y elevaciones de terreno	Sucre	PRESENT	3	dbc2ab56-d499-403c-8db5-c1a49cd0b75f	9.216137	-75.407874	256.0		148.555	6.775000000000006			2022-12-05T00:00:00	5	12	2022	2481066	2481066	HUMAN_OBSERVATION	Promigas S.A E.S.P (Promigas)						CC_BY_NC_4_0					2023-05-09T00:19:38.574Z		
4101670374	004b9605-989f-4d7a-a6b4-821e0755c1e0	Promigas:Jobo-Majaguas_compensacion:0054	Animalia	Chordata	Aves	Strigiformes	Strigidae	Glaucidium	Glaucidium brasilianum		SPECIES	Glaucidium brasilianum (J.F.Gmelin, 1788)	Glaucidium brasilianum	(J.F.Gmelin, 1788)	CO	vegetacion graminea dominate con escasos arboles pequeños y elevaciones de terreno	Sucre	PRESENT	1	dbc2ab56-d499-403c-8db5-c1a49cd0b75f	9.216137	-75.407874	256.0		148.555	6.775000000000006			2022-12-05T00:00:00	5	12	2022	5232118	5232118	HUMAN_OBSERVATION	Promigas S.A E.S.P (Promigas)						CC_BY_NC_4_0					2023-05-09T00:19:38.509Z		
4101670373	004b9605-989f-4d7a-a6b4-821e0755c1e0	Promigas:Jobo-Majaguas_compensacion:0050	Animalia	Chordata	Aves	Passeriformes	Icteridae	Icterus	Icterus nigrogularis		SPECIES	Icterus nigrogularis (Hahn, 1819)	Icterus nigrogularis	(Hahn, 1819)	CO	vegetacion graminea dominate con escasos arboles pequeños y elevaciones de terreno	Sucre	PRESENT	1	dbc2ab56-d499-403c-8db5-c1a49cd0b75f	9.216137	-75.407874	256.0		141.5	7.5			2022-12-06T00:00:00	6	12	2022	5229939	5229939	HUMAN_OBSERVATION	Promigas S.A E.S.P (Promigas)						CC_BY_NC_4_0					2023-05-09T00:19:38.506Z		
4101670372	004b9605-989f-4d7a-a6b4-821e0755c1e0	Promigas:Jobo-Majaguas_compensacion:0107	Animalia	Chordata	Squamata		Iguanidae	Iguana	Iguana iguana		SPECIES	Iguana iguana (Linnaeus, 1758)	Iguana iguana	(Linnaeus, 1758)	CO		Sucre	PRESENT	2	dbc2ab56-d499-403c-8db5-c1a49cd0b75f	9.216137	-75.407874	256.0										2459658	2459658	HUMAN_OBSERVATION	Promigas S.A E.S.P (Promigas)						CC_BY_NC_4_0					2023-05-09T00:19:38.503Z		
4101670371	004b9605-989f-4d7a-a6b4-821e0755c1e0	Promigas:Jobo-Majaguas_compensacion:0108	Animalia	Chordata	Squamata		Teiidae	Cnemidophorus	Cnemidophorus lemniscatus		SPECIES	Cnemidophorus lemniscatus (Linnaeus, 1758)	Cnemidophorus lemniscatus	(Linnaeus, 1758)	CO	Pastos con constante actividad ganadera y con grandes pendientes	Sucre	PRESENT	7	dbc2ab56-d499-403c-8db5-c1a49cd0b75f	9.215875	-75.405597			166.0	11.0			2022-12-06T00:00:00	6	12	2022	5227564	5227564	HUMAN_OBSERVATION	Promigas S.A E.S.P (Promigas)						CC_BY_NC_4_0					2023-05-09T00:19:38.484Z		COORDINATE_ROUNDED
4101670370	004b9605-989f-4d7a-a6b4-821e0755c1e0	Promigas:Jobo-Majaguas_compensacion:0109	Animalia	Chordata	Squamata		Colubridae	Erythrolamprus	Erythrolamprus melanotus		SPECIES	Erythrolamprus melanotus (Shaw, 1802)	Erythrolamprus melanotus	(Shaw, 1802)	CO	Drenaje pequeño con caudal intermitente, cuenta con un bosque ripario de dosel cerrado	Sucre	PRESENT	3	dbc2ab56-d499-403c-8db5-c1a49cd0b75f	9.217022	-75.407953			157.0	2.0			2022-12-04T00:00:00	4	12	2022	9367661	9367661	HUMAN_OBSERVATION	Promigas S.A E.S.P (Promigas)						CC_BY_NC_4_0					2023-05-09T00:19:38.473Z		COORDINATE_ROUNDED
4101670369	004b9605-989f-4d7a-a6b4-821e0755c1e0	Promigas:Jobo-Majaguas_compensacion:0103	Animalia	Chordata	Squamata		Teiidae	Cnemidophorus	Cnemidophorus lemniscatus		SPECIES	Cnemidophorus lemniscatus (Linnaeus, 1758)	Cnemidophorus lemniscatus	(Linnaeus, 1758)	CO	pastos arbolados, loma y pendientes- hierba media-arboles de ceiba	Sucre	PRESENT	5	dbc2ab56-d499-403c-8db5-c1a49cd0b75f	9.216964	-75.407753			166.0	6.0			2022-12-04T00:00:00	4	12	2022	5227564	5227564	HUMAN_OBSERVATION	Promigas S.A E.S.P (Promigas)						CC_BY_NC_4_0					2023-05-09T00:19:38.443Z		COORDINATE_ROUNDED
4101670368	004b9605-989f-4d7a-a6b4-821e0755c1e0	Promigas:Jobo-Majaguas_compensacion:0104	Animalia	Chordata	Squamata		Iguanidae	Iguana	Iguana iguana		SPECIES	Iguana iguana (Linnaeus, 1758)	Iguana iguana	(Linnaeus, 1758)	CO	pastos arbolados, loma y pendientes- hierba media-arboles de ceiba	Sucre	PRESENT	1	dbc2ab56-d499-403c-8db5-c1a49cd0b75f	9.216964	-75.407753			166.0	6.0			2022-12-04T00:00:00	4	12	2022	2459658	2459658	HUMAN_OBSERVATION	Promigas S.A E.S.P (Promigas)						CC_BY_NC_4_0					2023-05-09T00:19:38.440Z		COORDINATE_ROUNDED
4101670367	004b9605-989f-4d7a-a6b4-821e0755c1e0	Promigas:Jobo-Majaguas_compensacion:0105	Animalia	Chordata	Squamata		Dactyloidae	Anolis	Anolis gaigei		SPECIES	Anolis gaigei Ruthven, 1916	Anolis gaigei	Ruthven, 1916	CO	Pastos limpios sin presencia de grandes árboles y con actividad ganadera	Sucre	PRESENT	8	dbc2ab56-d499-403c-8db5-c1a49cd0b75f	9.215117	-75.408394			157.5	2.5			2022-12-05T00:00:00	5	12	2022	2467747	2467747	HUMAN_OBSERVATION	Promigas S.A E.S.P (Promigas)						CC_BY_NC_4_0					2023-05-09T00:19:38.438Z		COORDINATE_ROUNDED
4101670366	004b9605-989f-4d7a-a6b4-821e0755c1e0	Promigas:Jobo-Majaguas_compensacion:0106	Animalia	Chordata	Squamata		Viperidae	Bothrops	Bothrops asper		SPECIES	Bothrops asper (Garman, 1883)	Bothrops asper	(Garman, 1883)	CO	Pastos con constante actividad ganadera y con grandes pendientes	Sucre	PRESENT	1	dbc2ab56-d499-403c-8db5-c1a49cd0b75f	9.215008	-75.408317			160.0	4.0			2022-12-06T00:00:00	6	12	2022	5220796	5220796	HUMAN_OBSERVATION	Promigas S.A E.S.P (Promigas)						CC_BY_NC_4_0					2023-05-09T00:19:38.434Z		COORDINATE_ROUNDED
4101670365	004b9605-989f-4d7a-a6b4-821e0755c1e0	Promigas:Jobo-Majaguas_compensacion:0066	Plantae	Tracheophyta	Magnoliopsida	Sapindales	Anacardiaceae	Astronium	Astronium graveolens		SPECIES	Astronium graveolens Jacq.	Astronium graveolens	Jacq.	CO	Pastos arbolados con presencia de malezas, cercano a un arroyo y cuerpo de agua, con presencia de ganado.	Sucre	PRESENT		dbc2ab56-d499-403c-8db5-c1a49cd0b75f	9.214778	-75.407769			165.0	0.0			2022-11-23T00:00:00	23	11	2022	7321588	7321588	HUMAN_OBSERVATION	Promigas S.A E.S.P (Promigas)			A04			CC_BY_NC_4_0					2023-05-09T00:19:38.427Z		COORDINATE_ROUNDED
4101670364	004b9605-989f-4d7a-a6b4-821e0755c1e0	Promigas:Jobo-Majaguas_compensacion:0067	Plantae	Tracheophyta	Magnoliopsida	Fabales	Fabaceae	Chloroleucon	Chloroleucon mangense		SPECIES	Chloroleucon mangense (Jacq.) Britton & Rose	Chloroleucon mangense	(Jacq.) Britton & Rose	CO	Pastos limpios, cerca a un arroyo, zona desmontada, erosion en el suelo y presencia de ganado.	Sucre	PRESENT		dbc2ab56-d499-403c-8db5-c1a49cd0b75f	9.215203	-75.408569			150.0	0.0			2022-11-24T00:00:00	24	11	2022	2943053	2943053	HUMAN_OBSERVATION	Promigas S.A E.S.P (Promigas)			A01			CC_BY_NC_4_0					2023-05-09T00:19:38.424Z		COORDINATE_ROUNDED
4101670363	004b9605-989f-4d7a-a6b4-821e0755c1e0	Promigas:Jobo-Majaguas_compensacion:0101	Animalia	Chordata	Squamata		Teiidae	Ameiva	Ameiva praesignis		SPECIES	Ameiva praesignis (Baird & Girard, 1852)	Ameiva praesignis	(Baird & Girard, 1852)	CO	pastos arbolados, loma y pendientes- hierba media-arboles de ceiba	Sucre	PRESENT	1	dbc2ab56-d499-403c-8db5-c1a49cd0b75f	9.216964	-75.407753			166.0	6.0			2022-12-04T00:00:00	4	12	2022	7505629	7505629	HUMAN_OBSERVATION	Promigas S.A E.S.P (Promigas)						CC_BY_NC_4_0					2023-05-09T00:19:38.421Z		COORDINATE_ROUNDED
4101670362	004b9605-989f-4d7a-a6b4-821e0755c1e0	Promigas:Jobo-Majaguas_compensacion:0068	Plantae	Tracheophyta	Magnoliopsida	Sapindales	Sapindaceae	Matayba	Matayba scrobiculata		SPECIES	Matayba scrobiculata (Kunth) Radlk.	Matayba scrobiculata	(Kunth) Radlk.	CO	Arbustal abierto en estado de sucesión secundaria, rodeado de parches de vegetacion pequeños y pastos enmalezados vegetacion	Sucre	PRESENT	2	dbc2ab56-d499-403c-8db5-c1a49cd0b75f	9.217103	-75.407683			162.0	0.0			2022-11-22T00:00:00	22	11	2022	3784004	3784004	HUMAN_OBSERVATION	Promigas S.A E.S.P (Promigas)						CC_BY_NC_4_0					2023-05-09T00:19:38.415Z		COORDINATE_ROUNDED
4101670361	004b9605-989f-4d7a-a6b4-821e0755c1e0	Promigas:Jobo-Majaguas_compensacion:0102	Animalia	Chordata	Squamata		Dactyloidae	Anolis	Anolis gaigei		SPECIES	Anolis gaigei Ruthven, 1916	Anolis gaigei	Ruthven, 1916	CO	pastos arbolados, loma y pendientes- hierba media-arboles de ceiba	Sucre	PRESENT	8	dbc2ab56-d499-403c-8db5-c1a49cd0b75f	9.216964	-75.407753			166.0	6.0			2022-12-04T00:00:00	4	12	2022	2467747	2467747	HUMAN_OBSERVATION	Promigas S.A E.S.P (Promigas)						CC_BY_NC_4_0					2023-05-09T00:19:38.408Z		COORDINATE_ROUNDED
4101670360	004b9605-989f-4d7a-a6b4-821e0755c1e0	Promigas:Jobo-Majaguas_compensacion:0069	Plantae	Tracheophyta	Magnoliopsida	Lamiales	Bignoniaceae	Handroanthus	Handroanthus chrysanthus		SPECIES	Handroanthus chrysanthus (Jacq.) S.O.Grose	Handroanthus chrysanthus	(Jacq.) S.O.Grose	CO	Arbustal abierto en estado de sucesión secundaria, rodeado de parches de vegetacion pequeños y pastos enmalezados vegetacion	Sucre	PRESENT	3	dbc2ab56-d499-403c-8db5-c1a49cd0b75f	9.217103	-75.407683			162.0	0.0			2022-11-22T00:00:00	22	11	2022	6401337	6401337	HUMAN_OBSERVATION	Promigas S.A E.S.P (Promigas)						CC_BY_NC_4_0					2023-05-09T00:19:38.387Z		COORDINATE_ROUNDED
4101670359	004b9605-989f-4d7a-a6b4-821e0755c1e0	Promigas:Jobo-Majaguas_compensacion:0062	Plantae	Tracheophyta	Magnoliopsida	Sapindales	Anacardiaceae	Astronium	Astronium graveolens		SPECIES	Astronium graveolens Jacq.	Astronium graveolens	Jacq.	CO	Arbustal abierto en estado de sucesión secundaria, rodeado de parches de vegetacion pequeños y pastos enmalezados vegetacion	Sucre	PRESENT		dbc2ab56-d499-403c-8db5-c1a49cd0b75f	9.217103	-75.407683			162.0	0.0			2022-11-22T00:00:00	22	11	2022	7321588	7321588	HUMAN_OBSERVATION	Promigas S.A E.S.P (Promigas)			A02			CC_BY_NC_4_0					2023-05-09T00:19:38.384Z		COORDINATE_ROUNDED
4101670358	004b9605-989f-4d7a-a6b4-821e0755c1e0	Promigas:Jobo-Majaguas_compensacion:0063	Plantae	Tracheophyta	Magnoliopsida	Boraginales	Cordiaceae	Cordia	Cordia alliodora		SPECIES	Cordia alliodora (Ruiz & Pav.) Oken	Cordia alliodora	(Ruiz & Pav.) Oken	CO	Pastos arbolados con presencia de malezas, cercano a un arroyo y cuerpo de agua, con presencia de ganado.	Sucre	PRESENT		dbc2ab56-d499-403c-8db5-c1a49cd0b75f	9.214778	-75.407769			165.0	0.0			2022-11-23T00:00:00	23	11	2022	7649215	7649215	HUMAN_OBSERVATION	Promigas S.A E.S.P (Promigas)			A01			CC_BY_NC_4_0					2023-05-09T00:19:38.381Z		COORDINATE_ROUNDED
4101670357	004b9605-989f-4d7a-a6b4-821e0755c1e0	Promigas:Jobo-Majaguas_compensacion:0064	Plantae	Tracheophyta	Magnoliopsida	Fabales	Fabaceae	Chloroleucon	Chloroleucon mangense		SPECIES	Chloroleucon mangense (Jacq.) Britton & Rose	Chloroleucon mangense	(Jacq.) Britton & Rose	CO	Pastos arbolados con presencia de malezas, cercano a un arroyo y cuerpo de agua, con presencia de ganado.	Sucre	PRESENT		dbc2ab56-d499-403c-8db5-c1a49cd0b75f	9.214778	-75.407769			165.0	0.0			2022-11-23T00:00:00	23	11	2022	2943053	2943053	HUMAN_OBSERVATION	Promigas S.A E.S.P (Promigas)			A02			CC_BY_NC_4_0					2023-05-09T00:19:38.379Z		COORDINATE_ROUNDED
4101670356	004b9605-989f-4d7a-a6b4-821e0755c1e0	Promigas:Jobo-Majaguas_compensacion:0065	Plantae	Tracheophyta	Magnoliopsida	Boraginales	Cordiaceae	Cordia	Cordia alliodora		SPECIES	Cordia alliodora (Ruiz & Pav.) Oken	Cordia alliodora	(Ruiz & Pav.) Oken	CO	Pastos arbolados con presencia de malezas, cercano a un arroyo y cuerpo de agua, con presencia de ganado.	Sucre	PRESENT		dbc2ab56-d499-403c-8db5-c1a49cd0b75f	9.214778	-75.407769			165.0	0.0			2022-11-23T00:00:00	23	11	2022	7649215	7649215	HUMAN_OBSERVATION	Promigas S.A E.S.P (Promigas)			A03			CC_BY_NC_4_0					2023-05-09T00:19:38.373Z		COORDINATE_ROUNDED
4101670355	004b9605-989f-4d7a-a6b4-821e0755c1e0	Promigas:Jobo-Majaguas_compensacion:0060	Animalia	Chordata	Aves	Passeriformes	Thraupidae	Volatinia	Volatinia jacarina		SPECIES	Volatinia jacarina (Linnaeus, 1766)	Volatinia jacarina	(Linnaeus, 1766)	CO	vegetacion graminea dominate con escasos arboles pequeños y elevaciones de terreno	Sucre	PRESENT	2	dbc2ab56-d499-403c-8db5-c1a49cd0b75f	9.216137	-75.407874	256.0		162.605	17.875			2022-12-07T00:00:00	7	12	2022	2491741	2491741	HUMAN_OBSERVATION	Promigas S.A E.S.P (Promigas)						CC_BY_NC_4_0					2023-05-09T00:19:38.351Z		
4101670354	004b9605-989f-4d7a-a6b4-821e0755c1e0	Promigas:Jobo-Majaguas_compensacion:0061	Plantae	Tracheophyta	Magnoliopsida	Sapindales	Anacardiaceae	Astronium	Astronium graveolens		SPECIES	Astronium graveolens Jacq.	Astronium graveolens	Jacq.	CO	Arbustal abierto en estado de sucesión secundaria, rodeado de parches de vegetacion pequeños y pastos enmalezados vegetacion	Sucre	PRESENT		dbc2ab56-d499-403c-8db5-c1a49cd0b75f	9.217103	-75.407683			162.0	0.0			2022-11-22T00:00:00	22	11	2022	7321588	7321588	HUMAN_OBSERVATION	Promigas S.A E.S.P (Promigas)			A01			CC_BY_NC_4_0					2023-05-09T00:19:38.343Z		COORDINATE_ROUNDED
4101670353	004b9605-989f-4d7a-a6b4-821e0755c1e0	Promigas:Jobo-Majaguas_compensacion:0037	Animalia	Chordata	Aves	Pelecaniformes	Ardeidae	Bubulcus	Bubulcus ibis		SPECIES	Bubulcus ibis (Linnaeus, 1758)	Bubulcus ibis	(Linnaeus, 1758)	CO	Pastizales con presencia de arbustaes, herbazales y rastrojos	Sucre	PRESENT	3	dbc2ab56-d499-403c-8db5-c1a49cd0b75f	9.216137	-75.407874	256.0		162.235	18.924999999999997			2022-12-06T00:00:00	6	12	2022	2480830	2480830	HUMAN_OBSERVATION	Promigas S.A E.S.P (Promigas)						CC_BY_NC_4_0					2023-05-09T00:19:38.308Z		
4101670352	004b9605-989f-4d7a-a6b4-821e0755c1e0	Promigas:Jobo-Majaguas_compensacion:0038	Animalia	Chordata	Aves	Passeriformes	Corvidae	Cyanocorax	Cyanocorax affinis		SPECIES	Cyanocorax affinis Pelzeln, 1856	Cyanocorax affinis	Pelzeln, 1856	CO	Pastizales con presencia de arbustaes, herbazales y rastrojos	Sucre	PRESENT	5	dbc2ab56-d499-403c-8db5-c1a49cd0b75f	9.216137	-75.407874	256.0		162.235	18.924999999999997			2022-12-06T00:00:00	6	12	2022	2482559	2482559	HUMAN_OBSERVATION	Promigas S.A E.S.P (Promigas)						CC_BY_NC_4_0					2023-05-09T00:19:38.246Z		
4101670351	004b9605-989f-4d7a-a6b4-821e0755c1e0	Promigas:Jobo-Majaguas_compensacion:0039	Animalia	Chordata	Aves	Falconiformes	Falconidae	Milvago	Milvago chimachima		SPECIES	Milvago chimachima (Vieillot, 1816)	Milvago chimachima	(Vieillot, 1816)	CO	Pastizales con presencia de arbustaes, herbazales y rastrojos	Sucre	PRESENT	3	dbc2ab56-d499-403c-8db5-c1a49cd0b75f	9.216137	-75.407874	256.0		162.235	18.924999999999997			2022-12-06T00:00:00	6	12	2022	2481066	2481066	HUMAN_OBSERVATION	Promigas S.A E.S.P (Promigas)						CC_BY_NC_4_0					2023-05-09T00:19:38.241Z		
4101670350	004b9605-989f-4d7a-a6b4-821e0755c1e0	Promigas:Jobo-Majaguas_compensacion:0033	Animalia	Chordata	Aves	Falconiformes	Falconidae	Herpetotheres	Herpetotheres cachinnans		SPECIES	Herpetotheres cachinnans (Linnaeus, 1758)	Herpetotheres cachinnans	(Linnaeus, 1758)	CO	Tierras cubiertas con pastos, con presencia de árboles grandes, distribuidos en forma dispersa	Sucre	PRESENT	1	dbc2ab56-d499-403c-8db5-c1a49cd0b75f	9.216137	-75.407874	256.0		187.5	42.56			2022-12-04T00:00:00	4	12	2022	2481071	2481071	HUMAN_OBSERVATION	Promigas S.A E.S.P (Promigas)						CC_BY_NC_4_0					2023-05-09T00:19:38.183Z		
4101670349	004b9605-989f-4d7a-a6b4-821e0755c1e0	Promigas:Jobo-Majaguas_compensacion:0034	Animalia	Chordata	Aves	Passeriformes	Icteridae	Psarocolius	Psarocolius decumanus		SPECIES	Psarocolius decumanus (Pallas, 1769)	Psarocolius decumanus	(Pallas, 1769)	CO	Tierras cubiertas con pastos, con presencia de árboles grandes, distribuidos en forma dispersa	Sucre	PRESENT	1	dbc2ab56-d499-403c-8db5-c1a49cd0b75f	9.216137	-75.407874	256.0		187.5	42.56			2022-12-04T00:00:00	4	12	2022	2484217	2484217	HUMAN_OBSERVATION	Promigas S.A E.S.P (Promigas)						CC_BY_NC_4_0					2023-05-09T00:19:38.178Z		
4101670348	004b9605-989f-4d7a-a6b4-821e0755c1e0	Promigas:Jobo-Majaguas_compensacion:0035	Animalia	Chordata	Aves	Accipitriformes	Accipitridae	Rupornis	Rupornis magnirostris		SPECIES	Rupornis magnirostris (Gmelin, 1788)	Rupornis magnirostris	(Gmelin, 1788)	CO	Tierras cubiertas con pastos, con presencia de árboles grandes, distribuidos en forma dispersa	Sucre	PRESENT	1	dbc2ab56-d499-403c-8db5-c1a49cd0b75f	9.216137	-75.407874	256.0		187.5	42.56			2022-12-04T00:00:00	4	12	2022	5844398	5844398	HUMAN_OBSERVATION	Promigas S.A E.S.P (Promigas)						CC_BY_NC_4_0					2023-05-09T00:19:38.175Z		
4101670347	004b9605-989f-4d7a-a6b4-821e0755c1e0	Promigas:Jobo-Majaguas_compensacion:0036	Animalia	Chordata	Aves	Psittaciformes	Psittacidae	Brotogeris	Brotogeris jugularis		SPECIES	Brotogeris jugularis (Statius Muller, 1776)	Brotogeris jugularis	(Statius Muller, 1776)	CO	Pastizales con presencia de arbustaes, herbazales y rastrojos	Sucre	PRESENT	17	dbc2ab56-d499-403c-8db5-c1a49cd0b75f	9.216137	-75.407874	256.0		162.235	18.924999999999997			2022-12-06T00:00:00	6	12	2022	2479563	2479563	HUMAN_OBSERVATION	Promigas S.A E.S.P (Promigas)						CC_BY_NC_4_0					2023-05-09T00:19:38.171Z		
4101670346	004b9605-989f-4d7a-a6b4-821e0755c1e0	Promigas:Jobo-Majaguas_compensacion:0030	Animalia	Chordata	Aves	Passeriformes	Corvidae	Cyanocorax	Cyanocorax affinis		SPECIES	Cyanocorax affinis Pelzeln, 1856	Cyanocorax affinis	Pelzeln, 1856	CO	Tierras cubiertas con pastos, con presencia de árboles grandes, distribuidos en forma dispersa	Sucre	PRESENT	6	dbc2ab56-d499-403c-8db5-c1a49cd0b75f	9.216137	-75.407874	256.0		187.5	42.56			2022-12-04T00:00:00	4	12	2022	2482559	2482559	HUMAN_OBSERVATION	Promigas S.A E.S.P (Promigas)						CC_BY_NC_4_0					2023-05-09T00:19:38.167Z		
4101670345	004b9605-989f-4d7a-a6b4-821e0755c1e0	Promigas:Jobo-Majaguas_compensacion:0031	Animalia	Chordata	Aves	Passeriformes	Corvidae	Cyanocorax	Cyanocorax affinis		SPECIES	Cyanocorax affinis Pelzeln, 1856	Cyanocorax affinis	Pelzeln, 1856	CO	Tierras cubiertas con pastos, con presencia de árboles grandes, distribuidos en forma dispersa	Sucre	PRESENT	5	dbc2ab56-d499-403c-8db5-c1a49cd0b75f	9.216137	-75.407874	256.0		187.5	42.56			2022-12-04T00:00:00	4	12	2022	2482559	2482559	HUMAN_OBSERVATION	Promigas S.A E.S.P (Promigas)						CC_BY_NC_4_0					2023-05-09T00:19:38.164Z		
4101670344	004b9605-989f-4d7a-a6b4-821e0755c1e0	Promigas:Jobo-Majaguas_compensacion:0032	Animalia	Chordata	Aves	Passeriformes	Fringillidae	Euphonia	Euphonia laniirostris		SPECIES	Euphonia laniirostris d'Orbigny & Lafresnaye, 1837	Euphonia laniirostris	d'Orbigny & Lafresnaye, 1837	CO	Tierras cubiertas con pastos, con presencia de árboles grandes, distribuidos en forma dispersa	Sucre	PRESENT	1	dbc2ab56-d499-403c-8db5-c1a49cd0b75f	9.216137	-75.407874	256.0		187.5	42.56			2022-12-04T00:00:00	4	12	2022	2487998	2487998	HUMAN_OBSERVATION	Promigas S.A E.S.P (Promigas)						CC_BY_NC_4_0					2023-05-09T00:19:38.161Z		
4101670343	004b9605-989f-4d7a-a6b4-821e0755c1e0	Promigas:Jobo-Majaguas_compensacion:0048	Animalia	Chordata	Aves	Passeriformes	Tyrannidae	Tyrannus	Tyrannus melancholicus		SPECIES	Tyrannus melancholicus Vieillot, 1819	Tyrannus melancholicus	Vieillot, 1819	CO	vegetacion graminea dominate con escasos arboles pequeños y elevaciones de terreno	Sucre	PRESENT	1	dbc2ab56-d499-403c-8db5-c1a49cd0b75f	9.216137	-75.407874	256.0		141.5	7.5			2022-12-06T00:00:00	6	12	2022	5229662	5229662	HUMAN_OBSERVATION	Promigas S.A E.S.P (Promigas)						CC_BY_NC_4_0					2023-05-09T00:19:38.157Z		
4101670342	004b9605-989f-4d7a-a6b4-821e0755c1e0	Promigas:Jobo-Majaguas_compensacion:0049	Animalia	Chordata	Aves	Passeriformes	Corvidae	Cyanocorax	Cyanocorax affinis		SPECIES	Cyanocorax affinis Pelzeln, 1856	Cyanocorax affinis	Pelzeln, 1856	CO	vegetacion graminea dominate con escasos arboles pequeños y elevaciones de terreno	Sucre	PRESENT	6	dbc2ab56-d499-403c-8db5-c1a49cd0b75f	9.216137	-75.407874	256.0		141.5	7.5			2022-12-06T00:00:00	6	12	2022	2482559	2482559	HUMAN_OBSERVATION	Promigas S.A E.S.P (Promigas)						CC_BY_NC_4_0					2023-05-09T00:19:38.152Z		
4101670341	004b9605-989f-4d7a-a6b4-821e0755c1e0	Promigas:Jobo-Majaguas_compensacion:0044	Animalia	Chordata	Aves	Pelecaniformes	Threskiornithidae	Phimosus	Phimosus infuscatus		SPECIES	Phimosus infuscatus (Lichtenstein, 1823)	Phimosus infuscatus	(Lichtenstein, 1823)	CO	Pastizales con presencia de arbustaes, herbazales y rastrojos	Sucre	PRESENT	9	dbc2ab56-d499-403c-8db5-c1a49cd0b75f	9.216137	-75.407874	256.0		162.235	18.924999999999997			2022-12-06T00:00:00	6	12	2022	2480812	2480812	HUMAN_OBSERVATION	Promigas S.A E.S.P (Promigas)						CC_BY_NC_4_0					2023-05-09T00:19:38.148Z		
4101670340	004b9605-989f-4d7a-a6b4-821e0755c1e0	Promigas:Jobo-Majaguas_compensacion:0045	Animalia	Chordata	Aves	Psittaciformes	Psittacidae	Brotogeris	Brotogeris jugularis		SPECIES	Brotogeris jugularis (Statius Muller, 1776)	Brotogeris jugularis	(Statius Muller, 1776)	CO	vegetacion graminea dominate con escasos arboles pequeños y elevaciones de terreno	Sucre	PRESENT	20	dbc2ab56-d499-403c-8db5-c1a49cd0b75f	9.216137	-75.407874	256.0		141.5	7.5			2022-12-06T00:00:00	6	12	2022	2479563	2479563	HUMAN_OBSERVATION	Promigas S.A E.S.P (Promigas)						CC_BY_NC_4_0					2023-05-09T00:19:38.143Z		
4101670339	004b9605-989f-4d7a-a6b4-821e0755c1e0	Promigas:Jobo-Majaguas_compensacion:0046	Animalia	Chordata	Aves	Passeriformes	Corvidae	Cyanocorax	Cyanocorax affinis		SPECIES	Cyanocorax affinis Pelzeln, 1856	Cyanocorax affinis	Pelzeln, 1856	CO	vegetacion graminea dominate con escasos arboles pequeños y elevaciones de terreno	Sucre	PRESENT	12	dbc2ab56-d499-403c-8db5-c1a49cd0b75f	9.216137	-75.407874	256.0		141.5	7.5			2022-12-06T00:00:00	6	12	2022	2482559	2482559	HUMAN_OBSERVATION	Promigas S.A E.S.P (Promigas)						CC_BY_NC_4_0					2023-05-09T00:19:38.140Z		
4101670338	004b9605-989f-4d7a-a6b4-821e0755c1e0	Promigas:Jobo-Majaguas_compensacion:0047	Animalia	Chordata	Aves	Passeriformes	Tyrannidae	Elaenia	Elaenia flavogaster		SPECIES	Elaenia flavogaster (Thunberg, 1822)	Elaenia flavogaster	(Thunberg, 1822)	CO	vegetacion graminea dominate con escasos arboles pequeños y elevaciones de terreno	Sucre	PRESENT	1	dbc2ab56-d499-403c-8db5-c1a49cd0b75f	9.216137	-75.407874	256.0		141.5	7.5			2022-12-06T00:00:00	6	12	2022	5229606	5229606	HUMAN_OBSERVATION	Promigas S.A E.S.P (Promigas)						CC_BY_NC_4_0					2023-05-09T00:19:38.136Z		
4101670337	004b9605-989f-4d7a-a6b4-821e0755c1e0	Promigas:Jobo-Majaguas_compensacion:0040	Animalia	Chordata	Aves	Piciformes	Picidae	Dryocopus	Dryocopus lineatus		SPECIES	Dryocopus lineatus (Linnaeus, 1766)	Dryocopus lineatus	(Linnaeus, 1766)	CO	Pastizales con presencia de arbustaes, herbazales y rastrojos	Sucre	PRESENT	1	dbc2ab56-d499-403c-8db5-c1a49cd0b75f	9.216137	-75.407874	256.0		162.235	18.924999999999997			2022-12-06T00:00:00	6	12	2022	5228831	5228831	HUMAN_OBSERVATION	Promigas S.A E.S.P (Promigas)						CC_BY_NC_4_0					2023-05-09T00:19:38.130Z		
4101670336	004b9605-989f-4d7a-a6b4-821e0755c1e0	Promigas:Jobo-Majaguas_compensacion:0041	Animalia	Chordata	Aves	Pelecaniformes	Ardeidae	Egretta	Egretta thula		SPECIES	Egretta thula (Molina, 1782)	Egretta thula	(Molina, 1782)	CO	Pastizales con presencia de arbustaes, herbazales y rastrojos	Sucre	PRESENT	8	dbc2ab56-d499-403c-8db5-c1a49cd0b75f	9.216137	-75.407874	256.0		162.235	18.924999999999997			2022-12-06T00:00:00	6	12	2022	2480873	2480873	HUMAN_OBSERVATION	Promigas S.A E.S.P (Promigas)						CC_BY_NC_4_0					2023-05-09T00:19:37.620Z		
4101670335	004b9605-989f-4d7a-a6b4-821e0755c1e0	Promigas:Jobo-Majaguas_compensacion:0042	Animalia	Chordata	Aves	Passeriformes	Fringillidae	Euphonia	Euphonia laniirostris		SPECIES	Euphonia laniirostris d'Orbigny & Lafresnaye, 1837	Euphonia laniirostris	d'Orbigny & Lafresnaye, 1837	CO	Pastizales con presencia de arbustaes, herbazales y rastrojos	Sucre	PRESENT	1	dbc2ab56-d499-403c-8db5-c1a49cd0b75f	9.216137	-75.407874	256.0		162.235	18.924999999999997			2022-12-06T00:00:00	6	12	2022	2487998	2487998	HUMAN_OBSERVATION	Promigas S.A E.S.P (Promigas)						CC_BY_NC_4_0					2023-05-09T00:19:37.614Z		
4101670334	004b9605-989f-4d7a-a6b4-821e0755c1e0	Promigas:Jobo-Majaguas_compensacion:0043	Animalia	Chordata	Aves	Galliformes	Cracidae	Ortalis	Ortalis garrula		SPECIES	Ortalis garrula (Humboldt, 1805)	Ortalis garrula	(Humboldt, 1805)	CO	Pastizales con presencia de arbustaes, herbazales y rastrojos	Sucre	PRESENT	5	dbc2ab56-d499-403c-8db5-c1a49cd0b75f	9.216137	-75.407874	256.0		162.235	18.924999999999997			2022-12-06T00:00:00	6	12	2022	5229446	5229446	HUMAN_OBSERVATION	Promigas S.A E.S.P (Promigas)						CC_BY_NC_4_0					2023-05-09T00:19:37.607Z		
4101670333	004b9605-989f-4d7a-a6b4-821e0755c1e0	Promigas:Jobo-Majaguas_compensacion:0019	Animalia	Chordata	Aves	Accipitriformes	Cathartidae	Cathartes	Cathartes aura		SPECIES	Cathartes aura (Linnaeus, 1758)	Cathartes aura	(Linnaeus, 1758)	CO	Tierras cubiertas con pastos, con presencia de árboles grandes, distribuidos en forma dispersa	Sucre	PRESENT	3	dbc2ab56-d499-403c-8db5-c1a49cd0b75f	9.216137	-75.407874	256.0		155.335	5.4950000000000045			2022-12-04T00:00:00	4	12	2022	2481930	2481930	HUMAN_OBSERVATION	Promigas S.A E.S.P (Promigas)						CC_BY_NC_4_0					2023-05-09T00:19:37.590Z		
4101670332	004b9605-989f-4d7a-a6b4-821e0755c1e0	Promigas:Jobo-Majaguas_compensacion:0015	Animalia	Chordata	Aves	Columbiformes	Columbidae	Leptotila	Leptotila verreauxi		SPECIES	Leptotila verreauxi Bonaparte, 1855	Leptotila verreauxi	Bonaparte, 1855	CO	Agrupacion arborea en caudal intermitente,heterogeneo en cobertura y estructura vegetal, precencia de palmas adultas y en crecimeinto	Sucre	PRESENT	4	dbc2ab56-d499-403c-8db5-c1a49cd0b75f	9.216137	-75.407874	256.0		135.57	19.010000000000005			2022-12-05T00:00:00	5	12	2022	2496060	2496060	HUMAN_OBSERVATION	Promigas S.A E.S.P (Promigas)						CC_BY_NC_4_0					2023-05-09T00:19:37.587Z		
4101670331	004b9605-989f-4d7a-a6b4-821e0755c1e0	Promigas:Jobo-Majaguas_compensacion:0016	Animalia	Chordata	Aves	Coraciiformes	Momotidae	Momotus	Momotus subrufescens		SPECIES	Momotus subrufescens P.L.Sclater, 1853	Momotus subrufescens	P.L.Sclater, 1853	CO	Agrupacion arborea en caudal intermitente,heterogeneo en cobertura y estructura vegetal, precencia de palmas adultas y en crecimeinto	Sucre	PRESENT	1	dbc2ab56-d499-403c-8db5-c1a49cd0b75f	9.216137	-75.407874	256.0		135.57	19.010000000000005			2022-12-05T00:00:00	5	12	2022	7342297	7342297	HUMAN_OBSERVATION	Promigas S.A E.S.P (Promigas)						CC_BY_NC_4_0					2023-05-09T00:19:37.584Z		
4101670330	004b9605-989f-4d7a-a6b4-821e0755c1e0	Promigas:Jobo-Majaguas_compensacion:0017	Animalia	Chordata	Aves	Caprimulgiformes	Caprimulgidae	Nyctidromus	Nyctidromus albicollis		SPECIES	Nyctidromus albicollis (J.F.Gmelin, 1789)	Nyctidromus albicollis	(J.F.Gmelin, 1789)	CO	Agrupacion arborea en caudal intermitente,heterogeneo en cobertura y estructura vegetal, precencia de palmas adultas y en crecimeinto	Sucre	PRESENT	2	dbc2ab56-d499-403c-8db5-c1a49cd0b75f	9.216137	-75.407874	256.0		136.385	5.405000000000001			2022-12-06T00:00:00	6	12	2022	2496990	2496990	HUMAN_OBSERVATION	Promigas S.A E.S.P (Promigas)						CC_BY_NC_4_0					2023-05-09T00:19:37.579Z		
4101670329	004b9605-989f-4d7a-a6b4-821e0755c1e0	Promigas:Jobo-Majaguas_compensacion:0018	Animalia	Chordata	Aves	Passeriformes	Icteridae	Psarocolius	Psarocolius decumanus		SPECIES	Psarocolius decumanus (Pallas, 1769)	Psarocolius decumanus	(Pallas, 1769)	CO	Agrupacion arborea en caudal intermitente,heterogeneo en cobertura y estructura vegetal, precencia de palmas adultas y en crecimeinto	Sucre	PRESENT	1	dbc2ab56-d499-403c-8db5-c1a49cd0b75f	9.216137	-75.407874	256.0		136.385	5.405000000000001			2022-12-06T00:00:00	6	12	2022	2484217	2484217	HUMAN_OBSERVATION	Promigas S.A E.S.P (Promigas)						CC_BY_NC_4_0					2023-05-09T00:19:37.544Z		
4101670328	004b9605-989f-4d7a-a6b4-821e0755c1e0	Promigas:Jobo-Majaguas_compensacion:0132	Animalia	Chordata	Mammalia	Rodentia	Sciuridae	Sciurus	Sciurus granatensis		SPECIES	Sciurus granatensis Humboldt, 1811	Sciurus granatensis	Humboldt, 1811	CO	Pastizales limpios con presencia ocasional de arboles de gran tamaño como Ceiba petandra o Chrysophyllum cainito	Sucre	PRESENT	2	dbc2ab56-d499-403c-8db5-c1a49cd0b75f	9.216137	-75.407874	256.0		170.67000000000002	29.540000000000006			2022-12-05T00:00:00	5	12	2022	5219666	5219666	HUMAN_OBSERVATION	Promigas S.A E.S.P (Promigas)						CC_BY_NC_4_0					2023-05-09T00:19:37.536Z		
4101670327	004b9605-989f-4d7a-a6b4-821e0755c1e0	Promigas:Jobo-Majaguas_compensacion:0099	Animalia	Chordata	Squamata		Dactyloidae	Anolis	Anolis gaigei		SPECIES	Anolis gaigei Ruthven, 1916	Anolis gaigei	Ruthven, 1916	CO	pastos arbolados, loma y pendientes- hierba media-arboles de ceiba	Sucre	PRESENT	8	dbc2ab56-d499-403c-8db5-c1a49cd0b75f	9.216964	-75.407753			166.0	6.0			2022-12-04T00:00:00	4	12	2022	2467747	2467747	HUMAN_OBSERVATION	Promigas S.A E.S.P (Promigas)						CC_BY_NC_4_0					2023-05-09T00:19:37.528Z		COORDINATE_ROUNDED
4101670326	004b9605-989f-4d7a-a6b4-821e0755c1e0	Promigas:Jobo-Majaguas_compensacion:0011	Animalia	Chordata	Aves	Passeriformes	Thraupidae	Thraupis	Thraupis episcopus		SPECIES	Thraupis episcopus (Linnaeus, 1766)	Thraupis episcopus	(Linnaeus, 1766)	CO	vegetacion graminea dominate con escasos arboles pequeños y elevaciones de terreno	Sucre	PRESENT	1	dbc2ab56-d499-403c-8db5-c1a49cd0b75f	9.216137	-75.407874	256.0		146.07	6.599999999999994			2022-12-05T00:00:00	5	12	2022	2488602	2488602	HUMAN_OBSERVATION	Promigas S.A E.S.P (Promigas)						CC_BY_NC_4_0					2023-05-09T00:19:37.526Z		
4101670325	004b9605-989f-4d7a-a6b4-821e0755c1e0	Promigas:Jobo-Majaguas_compensacion:0133	Animalia	Chordata	Mammalia	Didelphimorphia	Didelphidae	Didelphis	Didelphis marsupialis		SPECIES	Didelphis marsupialis Linnaeus, 1758	Didelphis marsupialis	Linnaeus, 1758	CO	Pastos limpios sin presencia de grandes árboles y con actividad ganadera	Sucre	PRESENT	1	dbc2ab56-d499-403c-8db5-c1a49cd0b75f	9.216137	-75.407874	256.0		162.605	17.875			2022-12-07T00:00:00	7	12	2022	2439920	2439920	HUMAN_OBSERVATION	Promigas S.A E.S.P (Promigas)						CC_BY_NC_4_0					2023-05-09T00:19:37.521Z		
4101670324	004b9605-989f-4d7a-a6b4-821e0755c1e0	Promigas:Jobo-Majaguas_compensacion:0012	Animalia	Chordata	Aves	Accipitriformes	Accipitridae	Buteo	Buteo nitidus		SPECIES	Buteo nitidus (Latham, 1790)	Buteo nitidus	(Latham, 1790)	CO	vegetacion graminea dominate con escasos arboles pequeños y elevaciones de terreno	Sucre	PRESENT	1	dbc2ab56-d499-403c-8db5-c1a49cd0b75f	9.216137	-75.407874	256.0		146.07	6.599999999999994			2022-12-05T00:00:00	5	12	2022	2480556	2480556	HUMAN_OBSERVATION	Promigas S.A E.S.P (Promigas)						CC_BY_NC_4_0					2023-05-09T00:19:37.514Z		
4101670323	004b9605-989f-4d7a-a6b4-821e0755c1e0	Promigas:Jobo-Majaguas_compensacion:0013	Animalia	Chordata	Aves	Psittaciformes	Psittacidae	Amazona			GENUS	Amazona Lesson, 1830	Amazona	Lesson, 1830	CO	vegetacion graminea dominate con escasos arboles pequeños y elevaciones de terreno	Sucre	PRESENT	2	dbc2ab56-d499-403c-8db5-c1a49cd0b75f	9.216137	-75.407874	256.0		146.07	6.599999999999994			2022-12-05T00:00:00	5	12	2022	2479603		HUMAN_OBSERVATION	Promigas S.A E.S.P (Promigas)						CC_BY_NC_4_0					2023-05-09T00:19:37.511Z		
4101670322	004b9605-989f-4d7a-a6b4-821e0755c1e0	Promigas:Jobo-Majaguas_compensacion:0014	Animalia	Chordata	Aves	Psittaciformes	Psittacidae	Brotogeris	Brotogeris jugularis		SPECIES	Brotogeris jugularis (Statius Muller, 1776)	Brotogeris jugularis	(Statius Muller, 1776)	CO	Agrupacion arborea en caudal intermitente,heterogeneo en cobertura y estructura vegetal, precencia de palmas adultas y en crecimeinto	Sucre	PRESENT	14	dbc2ab56-d499-403c-8db5-c1a49cd0b75f	9.216137	-75.407874	256.0		135.57	19.010000000000005			2022-12-05T00:00:00	5	12	2022	2479563	2479563	HUMAN_OBSERVATION	Promigas S.A E.S.P (Promigas)						CC_BY_NC_4_0					2023-05-09T00:19:37.508Z		
4101670321	004b9605-989f-4d7a-a6b4-821e0755c1e0	Promigas:Jobo-Majaguas_compensacion:0095	Animalia	Chordata	Squamata		Teiidae	Cnemidophorus	Cnemidophorus lemniscatus		SPECIES	Cnemidophorus lemniscatus (Linnaeus, 1758)	Cnemidophorus lemniscatus	(Linnaeus, 1758)	CO	pastos arbolados, loma y pendientes- hierba media-arboles de ceiba	Sucre	PRESENT	7	dbc2ab56-d499-403c-8db5-c1a49cd0b75f	9.216575	-75.405797			158.5	8.5			2022-12-04T00:00:00	4	12	2022	5227564	5227564	HUMAN_OBSERVATION	Promigas S.A E.S.P (Promigas)						CC_BY_NC_4_0					2023-05-09T00:19:37.502Z		COORDINATE_ROUNDED
4101670320	004b9605-989f-4d7a-a6b4-821e0755c1e0	Promigas:Jobo-Majaguas_compensacion:0096	Animalia	Chordata	Squamata		Teiidae	Ameiva	Ameiva praesignis		SPECIES	Ameiva praesignis (Baird & Girard, 1852)	Ameiva praesignis	(Baird & Girard, 1852)	CO	pastos arbolados, loma y pendientes- hierba media-arboles de ceiba	Sucre	PRESENT	2	dbc2ab56-d499-403c-8db5-c1a49cd0b75f	9.216764	-75.407986			158.5	2.5			2022-12-05T00:00:00	5	12	2022	7505629	7505629	HUMAN_OBSERVATION	Promigas S.A E.S.P (Promigas)						CC_BY_NC_4_0					2023-05-09T00:19:37.480Z		COORDINATE_ROUNDED
4101670319	004b9605-989f-4d7a-a6b4-821e0755c1e0	Promigas:Jobo-Majaguas_compensacion:0130	Animalia	Chordata	Mammalia	Pilosa	Bradypodidae	Bradypus	Bradypus variegatus		SPECIES	Bradypus variegatus Schinz, 1825	Bradypus variegatus	Schinz, 1825	CO	Pastizales limpios con presencia ocasional de arboles de gran tamaño como Ceiba petandra o Chrysophyllum cainito	Sucre	PRESENT	6	dbc2ab56-d499-403c-8db5-c1a49cd0b75f	9.216137	-75.407874	256.0		155.335	5.4950000000000045			2022-12-04T00:00:00	4	12	2022	2436353	2436353	HUMAN_OBSERVATION	Promigas S.A E.S.P (Promigas)						CC_BY_NC_4_0					2023-05-09T00:19:37.459Z		
4101670318	004b9605-989f-4d7a-a6b4-821e0755c1e0	Promigas:Jobo-Majaguas_compensacion:0097	Animalia	Chordata	Squamata		Iguanidae	Iguana	Iguana iguana		SPECIES	Iguana iguana (Linnaeus, 1758)	Iguana iguana	(Linnaeus, 1758)	CO	Pastos limpios sin presencia de grandes árboles y con actividad ganadera	Sucre	PRESENT	2	dbc2ab56-d499-403c-8db5-c1a49cd0b75f	9.215117	-75.408394			157.5	2.5			2022-12-05T00:00:00	5	12	2022	2459658	2459658	HUMAN_OBSERVATION	Promigas S.A E.S.P (Promigas)						CC_BY_NC_4_0					2023-05-09T00:19:37.451Z		COORDINATE_ROUNDED
4101670317	004b9605-989f-4d7a-a6b4-821e0755c1e0	Promigas:Jobo-Majaguas_compensacion:0131	Animalia	Chordata	Mammalia	Didelphimorphia	Didelphidae	Didelphis	Didelphis marsupialis		SPECIES	Didelphis marsupialis Linnaeus, 1758	Didelphis marsupialis	Linnaeus, 1758	CO	Pastizales limpios con presencia ocasional de arboles de gran tamaño como Ceiba petandra o Chrysophyllum cainito	Sucre	PRESENT	1	dbc2ab56-d499-403c-8db5-c1a49cd0b75f	9.216137	-75.407874	256.0		170.67000000000002	29.540000000000006			2022-12-05T00:00:00	5	12	2022	2439920	2439920	MATERIAL_SAMPLE	Promigas S.A E.S.P (Promigas)						CC_BY_NC_4_0					2023-05-09T00:19:37.442Z		
4101670316	004b9605-989f-4d7a-a6b4-821e0755c1e0	Promigas:Jobo-Majaguas_compensacion:0098	Animalia	Chordata	Squamata		Dactyloidae	Anolis	Anolis gaigei		SPECIES	Anolis gaigei Ruthven, 1916	Anolis gaigei	Ruthven, 1916	CO	Pastos limpios sin presencia de grandes árboles y con actividad ganadera	Sucre	PRESENT	5	dbc2ab56-d499-403c-8db5-c1a49cd0b75f	9.215117	-75.408394			157.5	2.5			2022-12-05T00:00:00	5	12	2022	2467747	2467747	HUMAN_OBSERVATION	Promigas S.A E.S.P (Promigas)						CC_BY_NC_4_0					2023-05-09T00:19:37.430Z		COORDINATE_ROUNDED
4101670315	004b9605-989f-4d7a-a6b4-821e0755c1e0	Promigas:Jobo-Majaguas_compensacion:0091	Plantae	Tracheophyta	Magnoliopsida	Fabales	Fabaceae	Desmodium	Desmodium incanum		SPECIES	Desmodium incanum (Sw.) DC.	Desmodium incanum	(Sw.) DC.	CO	Pastos limpios, cerca a un arroyo, zona desmontada, erosion en el suelo y presencia de ganado.	Sucre	PRESENT	2	dbc2ab56-d499-403c-8db5-c1a49cd0b75f	9.215203	-75.408569			150.0	0.0			2022-11-24T00:00:00	24	11	2022	2967060	2967060	HUMAN_OBSERVATION	Promigas S.A E.S.P (Promigas)						CC_BY_NC_4_0					2023-05-09T00:19:37.420Z		COORDINATE_ROUNDED
4101670314	004b9605-989f-4d7a-a6b4-821e0755c1e0	Promigas:Jobo-Majaguas_compensacion:0092	Plantae	Tracheophyta	Liliopsida	Arecales	Arecaceae	Sabal	Sabal mauritiiformis		SPECIES	Sabal mauritiiformis (H.Karst.) Griseb. & H.Wendl.	Sabal mauritiiformis	(H.Karst.) Griseb. & H.Wendl.	CO	Pastos limpios, cerca a un arroyo, zona desmontada, erosion en el suelo y presencia de ganado.	Sucre	PRESENT	1	dbc2ab56-d499-403c-8db5-c1a49cd0b75f	9.215203	-75.408569			150.0	0.0			2022-11-24T00:00:00	24	11	2022	2732482	2732482	HUMAN_OBSERVATION	Promigas S.A E.S.P (Promigas)						CC_BY_NC_4_0					2023-05-09T00:19:37.417Z		COORDINATE_ROUNDED
4101670313	004b9605-989f-4d7a-a6b4-821e0755c1e0	Promigas:Jobo-Majaguas_compensacion:0093	Plantae	Tracheophyta	Magnoliopsida	Fabales	Fabaceae	Desmodium	Desmodium incanum		SPECIES	Desmodium incanum (Sw.) DC.	Desmodium incanum	(Sw.) DC.	CO	Pastos limpios, cerca a un arroyo, zona desmontada, erosion en el suelo y presencia de ganado.	Sucre	PRESENT	5	dbc2ab56-d499-403c-8db5-c1a49cd0b75f	9.215203	-75.408569			150.0	0.0			2022-11-24T00:00:00	24	11	2022	2967060	2967060	HUMAN_OBSERVATION	Promigas S.A E.S.P (Promigas)						CC_BY_NC_4_0					2023-05-09T00:19:37.405Z		COORDINATE_ROUNDED
4101670312	004b9605-989f-4d7a-a6b4-821e0755c1e0	Promigas:Jobo-Majaguas_compensacion:0094	Plantae	Tracheophyta	Magnoliopsida	Caryophyllales	Amaranthaceae	Achyranthes	Achyranthes aspera		SPECIES	Achyranthes aspera L.	Achyranthes aspera	L.	CO	Pastos limpios, cerca a un arroyo, zona desmontada, erosion en el suelo y presencia de ganado.	Sucre	PRESENT	7	dbc2ab56-d499-403c-8db5-c1a49cd0b75f	9.215203	-75.408569			150.0	0.0			2022-11-24T00:00:00	24	11	2022	3085168	3085168	HUMAN_OBSERVATION	Promigas S.A E.S.P (Promigas)						CC_BY_NC_4_0					2023-05-09T00:19:37.401Z		COORDINATE_ROUNDED
4101670311	004b9605-989f-4d7a-a6b4-821e0755c1e0	Promigas:Jobo-Majaguas_compensacion:0090	Plantae	Tracheophyta	Magnoliopsida	Malvales	Malvaceae	Sida	Sida acuta		SPECIES	Sida acuta Burm.fil.	Sida acuta	Burm.fil.	CO	Pastos limpios, cerca a un arroyo, zona desmontada, erosion en el suelo y presencia de ganado.	Sucre	PRESENT	1	dbc2ab56-d499-403c-8db5-c1a49cd0b75f	9.215203	-75.408569			150.0	0.0			2022-11-24T00:00:00	24	11	2022	3933670	3933670	HUMAN_OBSERVATION	Promigas S.A E.S.P (Promigas)						CC_BY_NC_4_0					2023-05-09T00:19:37.384Z		COORDINATE_ROUNDED
4101670310	004b9605-989f-4d7a-a6b4-821e0755c1e0	Promigas:Jobo-Majaguas_compensacion:0026	Animalia	Chordata	Aves	Galliformes	Cracidae	Ortalis	Ortalis garrula		SPECIES	Ortalis garrula (Humboldt, 1805)	Ortalis garrula	(Humboldt, 1805)	CO	Tierras cubiertas con pastos, con presencia de árboles grandes, distribuidos en forma dispersa	Sucre	PRESENT	1	dbc2ab56-d499-403c-8db5-c1a49cd0b75f	9.216137	-75.407874	256.0		155.335	5.4950000000000045			2022-12-04T00:00:00	4	12	2022	5229446	5229446	HUMAN_OBSERVATION	Promigas S.A E.S.P (Promigas)						CC_BY_NC_4_0					2023-05-09T00:19:37.380Z		
4101670309	004b9605-989f-4d7a-a6b4-821e0755c1e0	Promigas:Jobo-Majaguas_compensacion:0027	Animalia	Chordata	Aves	Accipitriformes	Accipitridae	Rupornis	Rupornis magnirostris		SPECIES	Rupornis magnirostris (Gmelin, 1788)	Rupornis magnirostris	(Gmelin, 1788)	CO	Tierras cubiertas con pastos, con presencia de árboles grandes, distribuidos en forma dispersa	Sucre	PRESENT	1	dbc2ab56-d499-403c-8db5-c1a49cd0b75f	9.216137	-75.407874	256.0		187.5	42.56			2022-12-04T00:00:00	4	12	2022	5844398	5844398	HUMAN_OBSERVATION	Promigas S.A E.S.P (Promigas)						CC_BY_NC_4_0					2023-05-09T00:19:37.377Z		
4101670308	004b9605-989f-4d7a-a6b4-821e0755c1e0	Promigas:Jobo-Majaguas_compensacion:0028	Animalia	Chordata	Aves	Psittaciformes	Psittacidae	Brotogeris	Brotogeris jugularis		SPECIES	Brotogeris jugularis (Statius Muller, 1776)	Brotogeris jugularis	(Statius Muller, 1776)	CO	Tierras cubiertas con pastos, con presencia de árboles grandes, distribuidos en forma dispersa	Sucre	PRESENT	6	dbc2ab56-d499-403c-8db5-c1a49cd0b75f	9.216137	-75.407874	256.0		187.5	42.56			2022-12-04T00:00:00	4	12	2022	2479563	2479563	HUMAN_OBSERVATION	Promigas S.A E.S.P (Promigas)						CC_BY_NC_4_0					2023-05-09T00:19:37.373Z		
4101670307	004b9605-989f-4d7a-a6b4-821e0755c1e0	Promigas:Jobo-Majaguas_compensacion:0029	Animalia	Chordata	Aves	Accipitriformes	Cathartidae	Cathartes	Cathartes aura		SPECIES	Cathartes aura (Linnaeus, 1758)	Cathartes aura	(Linnaeus, 1758)	CO	Tierras cubiertas con pastos, con presencia de árboles grandes, distribuidos en forma dispersa	Sucre	PRESENT	3	dbc2ab56-d499-403c-8db5-c1a49cd0b75f	9.216137	-75.407874	256.0		187.5	42.56			2022-12-04T00:00:00	4	12	2022	2481930	2481930	HUMAN_OBSERVATION	Promigas S.A E.S.P (Promigas)						CC_BY_NC_4_0					2023-05-09T00:19:37.369Z		
4101670306	004b9605-989f-4d7a-a6b4-821e0755c1e0	Promigas:Jobo-Majaguas_compensacion:0022	Animalia	Chordata	Aves	Falconiformes	Falconidae	Milvago	Milvago chimachima		SPECIES	Milvago chimachima (Vieillot, 1816)	Milvago chimachima	(Vieillot, 1816)	CO	Tierras cubiertas con pastos, con presencia de árboles grandes, distribuidos en forma dispersa	Sucre	PRESENT	3	dbc2ab56-d499-403c-8db5-c1a49cd0b75f	9.216137	-75.407874	256.0		155.335	5.4950000000000045			2022-12-04T00:00:00	4	12	2022	2481066	2481066	HUMAN_OBSERVATION	Promigas S.A E.S.P (Promigas)						CC_BY_NC_4_0					2023-05-09T00:19:37.366Z		
4101670305	004b9605-989f-4d7a-a6b4-821e0755c1e0	Promigas:Jobo-Majaguas_compensacion:0023	Animalia	Chordata	Aves	Pelecaniformes	Ardeidae	Egretta	Egretta thula		SPECIES	Egretta thula (Molina, 1782)	Egretta thula	(Molina, 1782)	CO	Tierras cubiertas con pastos, con presencia de árboles grandes, distribuidos en forma dispersa	Sucre	PRESENT	5	dbc2ab56-d499-403c-8db5-c1a49cd0b75f	9.216137	-75.407874	256.0		155.335	5.4950000000000045			2022-12-04T00:00:00	4	12	2022	2480873	2480873	HUMAN_OBSERVATION	Promigas S.A E.S.P (Promigas)						CC_BY_NC_4_0					2023-05-09T00:19:37.363Z		
4101670304	004b9605-989f-4d7a-a6b4-821e0755c1e0	Promigas:Jobo-Majaguas_compensacion:0024	Animalia	Chordata	Aves	Piciformes	Galbulidae	Galbula	Galbula ruficauda		SPECIES	Galbula ruficauda Cuvier, 1816	Galbula ruficauda	Cuvier, 1816	CO	Tierras cubiertas con pastos, con presencia de árboles grandes, distribuidos en forma dispersa	Sucre	PRESENT	1	dbc2ab56-d499-403c-8db5-c1a49cd0b75f	9.216137	-75.407874	256.0		155.335	5.4950000000000045			2022-12-04T00:00:00	4	12	2022	5228236	5228236	HUMAN_OBSERVATION	Promigas S.A E.S.P (Promigas)						CC_BY_NC_4_0					2023-05-09T00:19:37.359Z		
4101670303	004b9605-989f-4d7a-a6b4-821e0755c1e0	Promigas:Jobo-Majaguas_compensacion:0025	Animalia	Chordata	Aves	Columbiformes	Columbidae	Leptotila	Leptotila verreauxi		SPECIES	Leptotila verreauxi Bonaparte, 1855	Leptotila verreauxi	Bonaparte, 1855	CO	Tierras cubiertas con pastos, con presencia de árboles grandes, distribuidos en forma dispersa	Sucre	PRESENT	2	dbc2ab56-d499-403c-8db5-c1a49cd0b75f	9.216137	-75.407874	256.0		155.335	5.4950000000000045			2022-12-04T00:00:00	4	12	2022	2496060	2496060	HUMAN_OBSERVATION	Promigas S.A E.S.P (Promigas)						CC_BY_NC_4_0					2023-05-09T00:19:37.356Z		
4101670302	004b9605-989f-4d7a-a6b4-821e0755c1e0	Promigas:Jobo-Majaguas_compensacion:0020	Animalia	Chordata	Aves	Accipitriformes	Cathartidae	Coragyps	Coragyps atratus		SPECIES	Coragyps atratus (Bechstein, 1793)	Coragyps atratus	(Bechstein, 1793)	CO	Tierras cubiertas con pastos, con presencia de árboles grandes, distribuidos en forma dispersa	Sucre	PRESENT	3	dbc2ab56-d499-403c-8db5-c1a49cd0b75f	9.216137	-75.407874	256.0		155.335	5.4950000000000045			2022-12-04T00:00:00	4	12	2022	2481942	2481942	HUMAN_OBSERVATION	Promigas S.A E.S.P (Promigas)						CC_BY_NC_4_0					2023-05-09T00:19:37.353Z		
4101670301	004b9605-989f-4d7a-a6b4-821e0755c1e0	Promigas:Jobo-Majaguas_compensacion:0021	Animalia	Chordata	Aves	Passeriformes	Corvidae	Cyanocorax	Cyanocorax affinis		SPECIES	Cyanocorax affinis Pelzeln, 1856	Cyanocorax affinis	Pelzeln, 1856	CO	Tierras cubiertas con pastos, con presencia de árboles grandes, distribuidos en forma dispersa	Sucre	PRESENT	4	dbc2ab56-d499-403c-8db5-c1a49cd0b75f	9.216137	-75.407874	256.0		155.335	5.4950000000000045			2022-12-04T00:00:00	4	12	2022	2482559	2482559	HUMAN_OBSERVATION	Promigas S.A E.S.P (Promigas)						CC_BY_NC_4_0					2023-05-09T00:19:37.329Z		
