species	Nombre_Esp	Nombre_Ing	Cat.	Paises	Region	Fuente
Nothocercus julius	Tunam? Leonado	Tawny-breasted Tinamou	CE	V4, E2, Pe2	B6,B8a,C3,C4,C5	4, 19, 71, 79, 82, 105, 113, 147
Tinamus osgoodi	Tinam? Negro	Black Tinamou	II	Pe3	A8,B5,B6	42, 43, 62, 68, 92, 141
Crypturellus berlepschi	Tinam? de Berlepsch	Great Tinamou	CE	E1	A3	8, 19, 100
Crypturellus duidae	Tinam? Patigr?s	Gray-legged Tinamou	II	V5, Pe3, Br	A8	8, 19, 99, 100
Crypturellus kerriae	Tinam? del Choc?	Choco Tinamou	CE	P	A3	
Crypturellus casiquiare	Tinam? Barrado	Barred Tinamou	II	Br, Pe3, V5	A8	2
Chauna chavaria	Chavarr?a	Northern Screamer	CE	V3	A1,A2	74
Anas andium	Pato Andino	Andean Teal	CE	V4, E2, Pe2	C4,C5a	105, 149
Penelope ortoni	Pava del Baud?	Baudo Guan	CE	E1	A3,B3,B4a	8, 19, 34
Mitu salvini	Pav?n Nag?iblanco	Salvin's Curassow	EI	E3, Pe3, Br	A8	2, 127
Pauxi pauxi	Pav?n Copete de Piedra	Helmeted Curassow	CE	V2, V4, V5, V6	A6,B8a	49, 59, 130, 131, S. Cordoba obs.pers (1996 Oca?a via Abrego)
Odontophorus atrifrons	Perdiz Carinegra	Black-fronted Wood-Quail	CE	V2	B1,B7	121, 137
Odontophorus erythrops	Perdiz Collareja	Rufous-fronted Wood-Quail	CE	E1	A3,A2,B7	8, 19, 41
Odontophorus melanonotus	Perdiz de Nari?o	Dark-backed Wood-Quail	II	E1	B3	19
Odontophorus dialeucos	Perdiz Kat?a	Tacarcuna Wood-Quail	CE	P	B9,A2	111
Puffinus lherminieri	Pardela de Audubon	Audobon's Shearwater	CEa	Ca, b, c	A9	7, 89
Sula sula	Piquero patirrojo	Red-footed Booby	CEa	Ca, b, c	A9	7, 89
Sula grantii	Piquero de Nazca	Nazca Booby	CEa	E1a	A10a	60, 61
Accipiter collaris	Azor Collarejo	Semicollared Hawk	CE	V4, E2, E3, Pe3	A1,B1,B5,C4	4, 42, 43, 92, 117, 137
Leucopternis plumbeus	?guila Pizarra	Semiplumbeous Hawk	CE	E1, Pe1, P	A3	8, 19
Micrastur plumbeus	Halc?n de Munchique	Plumbeous Forest-Falcon	CE	E1	A3,A4,B3	45
Phalcoboenus carunculatus	Guaraguaco Paramuno	Carunculated Caracara	EI	E2	C4	4, 28, 82
Aramides wolfi	Chilacoa Caf?	Brown Wood-Rail	EI	E1,Pe1	A3	8, 19
Neocrex colombiana	Polluella Pizarra	Colombian Crake	CE	P, E1	A1,A3,B1,B3	
Gallinago nobilis	Caica Paramuna	Noble Snipe	CE	V4, E2, Pe2	B5,C4,C5a	4, 149
Creagrus furcatus	Gaviota Rabihorcada	Swallow-tailed Gull	CEa	E1a	A10a,A10b	1, 54
Patagioenas goodsoni	Torcaza Alirrufa	Dusky Pigeon	CE	E1, P	A2,A3	19
Leptotila pallida	Caminera Colorada	Pallid Dove	EI	E1	A3	8, 19
Geotrygon goldmani	Paloma-Perdiz Cabecicanela	Russet-crowned Quail-Dove	CE	P	A2,A3,B9	95
Geotrygon veraguensis	Paloma-Perdiz Cariblanca	Olive-backed Quail-Dove	CE	Cr, P, E1	A3,A2	8, 19
Geotrygon linearis	Paloma-Perdiz Lineada	Lined Quail-Dove	CE	V2, V4, V6	C1,B7,B8a,B5	4, 23, 31, 77, 138
Ara ambiguus	Guacamaya Verdelim?n	Great Green Macaw	EI	Cr, Ho, Ni, E1, P	A2,A3	
Ognorhynchus icterotis	Perico Palmero, Loro Orejiamarillo	Yellow-eared Parrot	CE	E2	B5,B6,B8,C3,C4, C5	20, 30, 36, 83, 97, 103
Forpus conspicillatus	Periquito de Anteojos	Spectacled Parrotlet	CE	V5, P	A2,A5,C5a,B5,B7, B6	13, 22, 53, Sua-Becerra obs pers Sabana de Bogot?
Touit dilectissimus	Periquito Alirrojo	Blue-fronted Parrotlet	CE	P, V2, V4, E1	A3,A2,B5	42, 43
Pyrilia pulchra	Cotorra Rubicunda	Rose-faced Parrot	CE	E1	A3,B3	8, 19
Pyrilia pyrilia	Cotorra Cabeciamarilla	Saffron-headed Parrot	CE	V2, V3, P	A2,A3,B2,B5,B8	19
Hapalopsittaca amazonina	Cotorra Monta?era	Rusty-faced Parrot	CE	V4	C3,C4,C5	8, 49, 71, 146
Pionus chalcopterus	Cotorra Maicera	Bronze-winged Parrot	CE	E1, Pe1, V4	C4,B5,B7,B8,C5	4, 77, 125, 147
Coccycua pumila	Cuclillo Rabicorto	Dwarf Cuckoo	EI	V2, V3, V4, V5, Br	A1,A2,B5,C4,B3a, B4	4, 8, 9, 19, 33, 53, 63, 96, 105, 110, 146, 149, 
Neomorphus radiolosus	Correcaminos Escamado	Banded Ground-Cuckoo	CE	E1	A3,B3	20
Megascops colombianus	Currucut? Colombiano	Colombian Screech-Owl	CE	E2	B3,B4b	
Megascops petersoni	Currucut? Canela	Cinnamon Screech-Owl	II	E3, Pe3	B5,B8	42, 57
Glaucidium nubicola	Buh?to Nub?cola	Cloud-forest Pygmy-Owl	CE	E1	B3	55
Nyctiphrynus rosenbergi	Guardacaminos Chocoano	Choco Poorwill	CE	E1	A3	20
Caprimulgus heterurus	Guardacaminos de Todd	Todd's Nightjar	II	V3, V5, V6	A1,B1,B2	94
Cypseloides cherriei	Vencejo cuatro ojos	Spot-fronted Swift	II	Cr, V6, E2, E3	B7	26, 86, 106, 148
Cypseloides lemosi	Vencejo Pechiblanco	White-chested Swift	II	E3	B4a	33, 50, 101, 118
Phaethornis anthophilus	Ermita?o Carinegro	Pale-bellied Hermit	EI	V2, V3, V5, V6, P	A1,A2,A5,A6,A7,B1,B2,B5,B6,B7,B8, A3,B3	49, 134
Phaethornis yaruqui	Ermita?o del Pacifico	White-whiskered Hermit	CE	E1, P	A3,B3	
Androdon aequatorialis	Colibri dentado	Tooth-billed Hummingbird	CE	E1, P	A3,A2	
Heliangelus exortis	Heli?ngelus belicosos	Tourmaline Sunangel	CE	E2, E3	C3,C4,C5	
Aglaiocercus coelestis	Silfo violeta	Violet-tailed Sylph	CE	E1	A3,B3	
Chalcostigma heteropogon	Pico de Tuna bronc?neo	Bronze-tailed Thornbill	CE	V4	C5	
Chalcostigma herrani	Pico de Tuna Arcoiris	Rainbow-bearded Thornbill	EI	E2, Pe2	C3,C4	
Oxypogon guerinii	Barbudito paramuno	Bearded Helmetcrest	CE	V4	C1,C4,C5	
Metallura iracunda	Metaluta de Perij?	Perija Metaltail	CE	V2	B2,C2	
Metallura williami	Metalura Verde	Viridian Metaltail	EI	E2	C3,C4	8, 71, 83, 105, 149
Haplophaedia aureliae	Helechero com?n	Greenish Puffleg	CE	P, E3	B3,C3,C4,C5	
Haplophaedia lugens	Helechero del Pac?fico	Hoary Puffleg	CE	E1	B3	11
Eriocnemis derbyi	Paramero Rabihorcado	Black-thighed Puffleg	CE	E2	C4	
Eriocnemis godini	Paramero Turquesa	Turquoise-throated Puffleg	II	E2	C4	8
Eriocnemis cupreoventris	Paramero cobrizo	Coppery-bellied Puffleg	CE	E2	C5	
Eriocnemis mosquera	Paramero ?ureo	Golden-breasted Puffleg	CE	E2	B3,C3,C4	4, 45, 71
Coeligena wilsoni	Inca Pardo	Brown Inca	CE	E1	A3,B3	
Coeligena bonapartei	Inca Dorado	Golden-bellied Starfrontlet	CE	V2,V4	C2,C5	5, 49
Coeligena helianthea	Inca ventrirrojo	Blue-throated Starfrontlet	CE	V2,V4	B2,C2,C5	
Coeligena lutetiae	Inca Soldado	Buff-winged Starfrontlet	EI	E2, Pe2	C4	
Boissonneaua jardini	Colibri alirrufo	Velvet-purple Coronet	CE	E2	A3,B3	
Urochroa bougueri	Colibri nag?iblanco	White-tailed Hillstar	CE	E1, E2, Pe3	B3,B8b,C3,C5	
Urosticte benjamini	Colibri de Gargantilla	Purple-bibbed Whitetip	CE	E1, E2	A3,B3	
Heliodoxa imperatrix	Heliodoxa tijereta	Empress Brilliant	CE	E1	B3,A3	
Chaetocercus heliodor	Zumbador de gorgera	Gorgeted Woodstar	CE	V4, E2	B1,C1	
Calliphlox mitchellii	Zumbador Pechiblanco	Purple-throated Woodstar	CE	P, E1	B3,B4a,A3	
Chlorostilbon melanorhynchus	Esmeralda occidental	Western Emerald	CE	E2	A3,B3,B4a	
Chlorostilbon gibsoni	Esmeralda piquirroja	Red-billed Emerald	CE	V1, V2, V3, V4	A1,A2,A5,A6,B6,B7	
Chlorostilbon russatus	Esmeralda Cobriza	Coppery Emerald	CE	V2	B1,A1,B2	
Chlorostilbon stenurus	Esmeralda Cabecidorada	Narrow-tailed Emerald	EI	V4	B8	
Chlorostilbon poortmani	Esmeralda Rabicorta	Short-tailed Emerald	CE	V4	A5,B6,B7,B8a,C5	
Campylopterus falcatus	Ala de sable violeta	Lazuline Sabrewing	CE	V2, V4, V6, E2	A2,B1,B2,B4a,B5, B6,B7,B8,C4	4, 8, 33, 48, 49, 59, 137
Chalybura urochrysia	Colibr? Colibronc?neo	Bronze-tailed Plumeleteer	EI	Cr, P, E1, Ni, Ho	A2,A3	9, 123
Thalurania fannyi	Ninfa frenteverde	Green-crowned Woodnymph	CE	P, E1	B3,B4	
Amazilia amabilis	Amazilia Pechiazul	Blue-chested Hummingbird	EI	Ni, Cr, P, E1	A2,A3,A5,B5,B6,B7	33, 49, 77, 105, 136
Amazilia rosenbergi	Amazilia Chocoano	Purple-chested Hummingbird	CE	E1	A3	
Amazilia saucerrottei	Amazilia Coliazul	Steely-vented Hummingbird	CE	Cr, P, V2, V3, V4	A1,A2,A3,A4,A5,A6,B1,B2,B3,B4,B6,B7	4, 49, 105, 137
Goethalsia bella	Colibr? Pirre?o	Pirre Hummingbird	II	P	A2,A3,B9	
Goldmania violiceps	Goldmani Violeta	Violet-capped Hummingbird	II	P	A2,B9	
Lepidopyga coeruleogularis	Colibr? Zafirino	Sapphire-throated Hummingbird	CE	P	A1,A2,A3	10, 53
Lepidopyga goudoti	Colibri de Goudot	Shining-green Hummingbird	CE	V1, V2, V3	A1,A2,A5,B8a	
Damophila julie	Dam?fila Pechiverde	Violet-bellied Hummingbird	CE	P, E1, Pe1	A1,A2,A3,A5,B5,B6,B7	8, 49, 53, 77, 105, 136
Hylocharis humboldtii	Zafiro de Humboldt	Humboldt's Sapphire	CE	P, E1	A3	
Hylocharis grayi	Zafiro Cabeciazul	Blue-headed Sapphire	CE	E2	A4,B4,B3a	
Trogon comptus	Trog?n Coliazul	Blue-tailed Trogon	CE	E1	A2,A3,B3	
Trogon chionurus	Trog?n Coliblanco	White-tailed Trogon	CE	P, E1	A2,A3	
Brachygalba salmoni	Jacamar de Salmon	Dusky-backed Jacamar	CE	P	A2	
Notharchus pectoralis	Bobo Pechinegro	Black-breasted Puffbird	CE	E1, P	A2,A3	
Nystalus radiatus	Bobo Barrado	Barred Puffbird	CE	E1, P	A2,A3,A5	
Nonnula frontalis	Monjita Canela	Gray-cheeked Nunlet	CE	P	A1,A2	
Hapaloptila castanea	Monjita Cariblanca	White-faced Nunbird	EI	E3, Pe3	B3	51
Capito maculicoronatus	Torito Cabeciblanco	Spot-crowned Barbet	CE	P	A2,A3	
Capito quinticolor	Torito Multicolor	Five-colored Barbet	CE	E1	A3	
Semnornis ramphastinus	Comp?s	Toucan Barbet	CE	E1, E2	B3,B4a	
Ramphastos brevis	Tuc?n del Pac?fico	Choco Toucan	CE	E1, P	A3	
Aulacorhynchus haematopygus	Tucancito Rabirrojo	Crimson-rumped Toucanet	CE	E1, E2, V2, V4	B2,B3,B4,B8	
Andigena nigrirostris	Terlaque Pechiazul	Black-billed Mountain-Toucan	CE	E2,  V4	B3,B4,B6,B8,C3,C4,C5	
Picumnus pumilus	Carpinterito del Orinoco	Orinoco Piculet	CE	V5, Br	A8,A7	2, 88, 98, 143
Picumnus cinnamomeus	Carpinterito Casta?o	Chestnut Piculet	CE	V1, V3	A1,A2	120
Veniliornis dignus	Carpintero Ventriamarillo	Yellow-vented Woodpecker	CE	Pe2, E2, V4	B3,B5,B6,B8a,C3, C4,C5	6, 11, 49, 122
Veniliornis chocoensis	Carpintero del Choco	Choco Woodpecker	CE	E1	A3	
Piculus litae	Carpintero de Lita	Lita Woodpecker	CE	E1	A3,A2,B3	
Sapayoa aenigma	Saltarin Bocon	Sapayoa	CE	E1, P	A2,A3	
Cinclodes albidiventris	C?nclodes alirufo	Chestnut-winged Cinclodes	CE	V4, E2, Pe2	C1,C3,C4,C5	21, 128
Synallaxis moesta	Rastrojero Selv?tico	Dusky Spinetail	CE	E3, Pe3	A7,A8	8, 98
Synallaxis candei	Rastrojero Bigotudo	White-whiskered Spinetail	CE	V1, V3	A1,A2	53, 90, S. Cordoba-Cordoba obs. pers.   
Synallaxis cinnamomea	Rastrojero Listado	Stripe-breasted Spinetail	CE	V2, V4, V6	B2,B7,B8	49
Asthenes perijana	Castanero del Perija	Perija Thistletail	CE	V2	C2	
Xenerpestes minlosi	Trapecista Gris	Double-banded Graytail	CE	P, E1	A2,A3	
Margarornis bellulus	Corretroncos Bello	Beautiful Treerunner	CE	P	B9	
Margarornis stellatus	Corretroncos Barbiblanco	Fulvous-dotted Treerunner	CE	E1	B3	
Pseudocolaptes lawrencii	Corretroncos Orejudo	Buffy Tuftedcheek	CE*	C, P, E2. 	B3	45, 67, 124, 133
Thripadectes ignobilis	Hojarasquero Uniforme	Uniform Treehunter	CE	E1	A3,B3,C3	
Thripadectes virgaticeps	Hojarasquero Com?n	Streak-capped Treehunter	CE	E2, V4, V6	B3,B4a,B6,C3,C5	
Thripadectes flammulatus	Hojarasquero Rayado	Flammulated Treehunter	CE	E2, V4, Pe2	B1,B3,B4,B5,B7,B8,C1,C3,C4,C5	4, 12, 32, 39, 49, 82, 93, 125
Thamnophilus multistriatus	Batar? Carcajada	Bar-crested Antshrike	CE	V2	A3,B2,B3a,B4,B5, B6,B7	
Thamnophilus nigriceps	Batar? Negro	Black Antshrike	CE	P	A1,A2	
Thamnophilus melanonotus	Batar? Encapuchado	Black-backed Antshrike	CE	V3, V6	A1a,A6	5, 56
Clytoctantes alixii	Hormiguero Pico de Hacha	Recurve-billed Bushbird	CE	V2	A2,B2,B5,B7	78
Dysithamnus occidentalis	Hormiguero Occidental	Bicolored Antvireo	CE	E1, E3, Pe3	B3	
Xenornis setifrons	Hormiguero de Tacarcuna	Spiny-faced Antshrike	II	P	A3	
Myrmotherula pacifica	Hormiguerito del Pac?fico	Pacific Antwren	CE	P, E1	A2,A3,B3a,B7	8,49
Myrmotherula cherriei	Hormiguerito de Cherrie	Cherrie's Antwren	CE	V5, Br, Pe3	A7,A8	2, 135
Myrmeciza laemosticta	Hormiguero Dorsiopaco	Dull-mantled Antbird	CE	Cr, P, V2	A2,A3	41, 49
Myrmeciza nigricauda	Hormiguero de Esmeraldas	Esmeraldas Antbird	CE	E1	A3	8, 27, 87
Myrmeciza palliata	Hormiguero del Magdalena	Mgdalena Antbird	CE	V3	A2,B2,B5,B7	27
Myrmeciza berlepschi	Hormiguero Colimocho	Stub-tailed Antbird	CE	E1	A3	8, 27, 87
Chamaeza turdina	Tovaca Mirla	Schwartz's Antthrush	CE	V6	B3,B4,B5,B6,B8,C3,C4,C5	14
Grallaria gigantea	Tororoi Gigante	Giant Antpitta	II	E2	B6,B4b	20
Grallaria alleni	Tororoi Bigotudo	Moustached Antpitta	CE	E2	B4a,B6	80, 149
Grallaria rufocinerea	Tororoi Rufocenizo	Bicolored Antpitta	CE	E2	B4,B5,B6,B8b,C4	112
Grallaria flavotincta	Tororoi Rufoamarillo	Yellow-breasted Antpitta	CE	E1	B3	
Grallaricula cucullata	Tororoi Cabecirrufo	Hooded Antpitta	CE	V4	B4a,B5,B6,B8a,C3	122, 125
Grallaricula lineifrons	Tororoi Medialuna	Crescent-faced Antpitta	CE	E2	C4	116
Pittasoma rufopileatum	Tororoi Cejinegro	Rufous-crowned Antpitta	CE	E1	A3	
Scytalopus panamensis	Tapaculo de Tacarcuna	Pale-throated Tapaculo	CE	P	B9	
Scytalopus chocoensis	Tapaculo Chocoano	Choco Tapaculo	CE	E1, P	A3,B3	69
Scytalopus vicinior	Tapaculo de Nari?o	Nari?o Tapaculo	CE	E1	A3,B3,B4a,C4	8, 69
Scytalopus spillmanni	Tapaculo de Spillmann	Spillmann's Tapaculo	CE	E2	B3,B4,B6,C3,C4,C5	8, 39, 47, 49, 69, 71, 107
Anairetes agilis	Cachudito Rabilargo	Agile Tit-Tyrant	CE	E2, V4	C4,C5	4, 8, 33, 81, 105
Zimmerius albigularis	Tiranuelo Chocoano	Choco Tyrannulet	CE	E1	A3,B3	19, 87, 114
Leptopogon rufipectus	Atrapamoscas Pechirrufo	Rufous-breasted Flycatcher	CE	V4, E3, Pe2	B4,B6,B7,B8,C3,C4,C5	71, 105, 149
Inezia tenuirostris	Tiranuelo Diminuto	Slender-billed Tyrannulet	EI	V1, V3	A1a	91, 98
Myiornis atricapillus	Tiranuelo Colicorto	Black-capped Pygmy-Tyrant	CE	Cr, P, E1	A3	8
Oncostoma olivaceum	Pico de Gancho Oliv?ceo	Southern Bentbill	CE	P	A1,A2,A3,A5	49, 84
Todirostrum nigriceps	Espatulilla Cabecinegra	Black-headed Tody-Flycatcher	CE	Cr, P, E1, V2, V3, V5	A1,A2,A3,B8	8, 49
Rhynchocyclus pacificus	Picoplano del Pac?fico	Pacific Flatbill	CE	E1	A3,B3	87
Nephelomyias pulcher	Atrapamoscas Musguero	Handsome Flycatcher	CE	E2, Pe2	B3,B4b,B5,B6,B7, B8,C3,C4	8, 11, 39, 85, 122, 125
Aphanotriccus audax	Atrapamoscas Piconegro	Black-billed Flycatcher	CE	P	A1,A2	
Muscisaxicola alpinus	Dormilona Cenicienta	Plain-capped Ground-Tyrant	CE	E2, Pe2	C4,C5	8
Myiarchus panamensis	Atrapamoscas Paname?o	Panama Flycatcher	CE	Cr, P, V2, V3	A2,A3,A5	
Pipreola jucunda	Frutero Pechirrojo	Orange-breasted Fruiteater	CE	E1	B3	
Cephalopterus penduliger	Parag?ero del Pac?fico	Long-wattled Umbrellabird	CE	E1	A3,B3	
Cotinga nattererii	Cotinga Azul	Blue Cotinga	CE	E1, P, V3	A2,A3	
Carpodectes hopkei	Cotinga Blanca	Black-tipped Cotinga	CE	E1, P	A3,B3	
Corapipo leucorrhoa	Saltar?n Gorgiblanco	White-bibbed Manakin	CE	P, V2, V3, V5	A2,A3,A6,B2,B4a, B5,B7,B8a	24, 49
Machaeropterus deliciosus	Saltar?n Rel?mpago	Club-winged Manakin	CE	E1	A3,B3	39
Xenopipo flavicapilla	Saltar?n Dorado	Yellow-headed Manakin	CE	E1	B3,B4,B5,B6,B7, B8b	14, 42, 43, 105, 
Schiffornis stenothyncha	Saltar?n Alirufo	Rufous-winged Schiffornis	CE	P, V2, V3	B5,B7,B9	102
Pachyramphus homochrous	Cabez?n Carbonero	One-colored Becard	CE	P, V2, V3, E1, E2, Pe1	A1,A2,A3	
Cyclarhis nigrirostris	Verder?n Piquinegro	Black-billed Peppershrike	CE	E2	B3,B4,B5,B6,B7, B8b,C3,C4,C5	
Vireolanius eximius	Verder?n Cejiamarillo	Yellow-browed Shrike-Vireo	CE	P, V2, V4	A1,A2,A3,A6,B2,B5,B7,B8a	
Vireo masteri	Verder?n Chocoano	Choco Vireo	CE	E2	B3	
Hylophilus semibrunneus	Verder?n Casta?o	Gray-chested Greenlet	CE	E3, V2	B2,B3,B4,B5,B6,B7	
Cyanolyca armillata	Urraca de Collar Negro	Black-collared Jay	CE	E2, V4	B7,B5,B6,B8,C4,C5	
Cyanolyca pulchra	Urraca Chocoana	Beautiful Jay	CE	E1	B3,C3	
Cyanocorax affinis	Carriqui Pechiblanco	Black-chested Jay	CE	Cr, P, V1, V2, V3	A1,A2,A3,A6,B1,B2,B3,B5,B7	33, 145, 149
Campylorhynchus albobrunneus	Cucarachero Cabeciblanco	White-headed Wren	CE	P	A2,A3,B3	
Pheugopedius spadix	Cucarachero Cabecinegro	Sooty-headed Wren	CE	P	A3,A4,B3,B5,B7,B9	
Pheugopedius fasciatoventris	Cucarachero Ventrinegro	Black-bellied Wren	CE	Cr, P	A1,A2,A3,A5	
Pheugopedius mystacalis	Cucarachero Bigotudo Andino	Whiskered Wren	CE	E1, V2, V4, V6	B2,B3,B4,B5,B6,B7,B8	
Cantorchilus leucopogon	Cucarachero Chocoano	Stripe-throated Wren	CE	P, E1	A2,A3	
Cinnycerthia unirufa	Cucarachero Rufo	Rufous Wren	CE	V2, V4, E2, Pe2	C4,C5,B3	
Cinnycerthia olivascens	Cucarachero Marr?n	Sharpe's Wren	CE	E2, Pe2	B3,B6,B7,B8,C3,C4,C5	49, 71, 123, 142 
Polioptila schistaceigula	Curruca Pizarra	Slate-throated Gnatcatcher	CE	P, E1	A2,A3	
Myadestes coloratus	Solitario Enmascarado	Varied Solitaire	II	P	B9	
Entomodestes coracinus	Solitario Negro	Black Solitaire	CE	E1	A3,B3	
Turdus obsoletus	Mirla Selv?tica	Pale-vented Thrush	CE	Cr, P, E1, E2	A2,A3,A5,B3,B6,B7	
Turdus fulviventris	Mirla Colorada	Chestnut-bellied Thrush	CE	E2, V2, V4, Pe2	B2,B6,B8a,C2,C4, C5	8, 49, 122
Paroaria nigrogenis	Cardenal Enmascarado	Masked Cardinal	EI	V	A7	44
Ramphocelus dimidiatus	Asoma Terciopelo	Crimson-backed Tanager	CE	V2, V3, P	A1,A2,A4,A5,A6,B1,B2,B3a,B4,B5,B6, B7	
Bangsia rothschildi	Bangsia Pechidorada	Golden-chested Tanager	CE	E1	A3	
Bangsia edwardsi	Bangsia Cariazul	Moss-backed Tanager	CE	E1	A3,B3	
Anisognathus notabilis	Clarinero del Pac?fico	Grass-green Tanager	CE	E1	A3,B3	
Iridosornis porphyrocephalus	Musguerito Gargantilla	Purplish-mantled Tanager	CE	E2	B3,B4a,B5,C3,C4	
Chlorochrysa phoenicotis	Clorocrisa Esmeralda	Glistening-green Tanager	CE	E1	B3	
Tangara palmeri	T?ngara Platinada	Gray-and-gold Tanager	CE	E1, P	A3	
Tangara vitriolina	T?ngara Rastrojera	Scrub Tanager	CE	E2	A4,A5,B3a,B4,B6, B7	
Tangara rufigula	T?ngara Barbirrufa	Rufous-throated Tanager	CE	E1	A3,B3	
Tangara labradorides	T?ngara Verde-Plata	Metallic-green Tanager	CE	E2, Pe2	B3,B4,B5,B6,B7,B8a,A3	
Tangara johannae	T?ngara Bigotuda	Blue-whiskered Tanager	CE	E1	A3	
Dacnis viguieri	Dacnis Aguamarina	Viridian Dacnis	CE	P	A2	
Dacnis berlepschi	Dacnis Pechirroja	Scarlet-breasted Dacnis	II	E1	A3	19
Heterospingus xanthopygius	Chambergo Cuernirrojo	Scarlet-browed Tanager	CE	E1, P	A2,A3	
Chrysothlypis salmoni	Chocosito Escarlata	Scarlet-and-white Tanager	CE	E1	A2,A3	
Conirostrum rufum	Conirostro Rufo	Rufous-browed Conebill	CE	V4	C1,C5	
Diglossa indigotica	Diglosa Chocoana	Indigo Flowerpiercer	CE	E1	B3	
Urothraupis stolzmanni	Montero Paramuno	Black-backed Bush Tanager	CE	E2	C4	
Saltator atripennis	Salt?tor Alinegro	Black-winged Saltator	CE	E1	B3,B4a,B4b,B5,B7	
Saltator cinctus	Salt?tor Collarejo	Masked Saltator	EI	E2, Pe2	C4,C5	
Arremonops tocuyensis	Pinz?n guajiro	Tocuyo Sparrow	EI	V1	A1a	
Arremon schlegeli	Pinzon Alidorado	Golden-winged Sparrow	CE	V1, V2, V3, V6	A1,B1,B2	15, 49, 91
Arremon atricapillus	Pinz?n Cabecinegro	Black-Headed Brush-Finch	CE	V2, V4	A2,B4a,B5,B7,B8a,B9	17
Arremon perijanus	Pinz?n del Perija	Perija Brush-Finch	CE	V2	B2,C2	15, 17
Oreothraupis arremonops	Gorri?n Tangarino	Tanager Finch	CE	E1	B3,C3	
Atlapetes albofrenatus	Atlapetes Bigotudo	Moustached Brush-Finch	CE	V4	B7,B8a,C5	
Atlapetes pallidinucha	Atlapetes Cabeciblanco	Pale-naped Brush-Finch	CE	E2, Pe2, V4	C4,C5	
Chlorospingus tacarcunae	Montero de Tacarcuna	Tacarcuna Bush-Tanager	II	P	B9	144
Chlorospingus semifuscus	Montero Gris?ceo	Dusky Bush-Tanager	CE	E1	B3,C3	
Chlorospingus flavovirens	Montero Verdeamarillo	Yellow-green Bush-Tanager	CE	E1	A3	
Piranga rubriceps	Piranga Cabecirroja	Red-hooded Tanager	EI	E2, Pe2	C3,C4,C5	48, 123
Chlorothraupis olivacea	Guayabero Oliv?ceo	Lemon-spectacled Tanager	CE	P, E1	A2,A3,B3,B5	
Chlorothraupis stolzmanni	Guayabero Ocre	Ochre-breasted Tanager	CE	E1	A3,B3	
Myioborus ornatus	Abanico Cariblanco	Golden-fronted Redstart	CE	V4	C3,C4,C5	
Basileuterus cinereicollis	Ara?ero Pechigris	Gray-throated Warbler	CE	V2, V4	B2,B7,B8a	
Basileuterus ignotus	Ara?ero del Pirr?	Pirre Warbler	CE	P	B9	
Psarocolius guatimozinus	Orop?ndola Negra	Black Oropendola	CE	P	A2	
Carduelis spinescens	Jilguero Andino	Andean Siskin	CE	V2, V4, E2	B1,B2,B4a,B4b,B5,B6,B8,C2,C3,C4,C5	
Euphonia fulvicrissa	Eufonia Fulva	Fulvous-vented Euphonia	CE	P, E1	A2,A3,A6	
Chlorophonia flavirostris	Clorofonia Collareja	Yellow-collared Chlorophonia	CE	P, E1	A3,B3	
Icterus leucopteryx	Turpial de Jamaica	Jamaican Orial	CEa	Ca	A9	7, 89, 109
Penelope perspicax	Pava Caucana	Cauca Guan	E		B4	
Ortalis garrula	Guacharaca Caribe?a	Chestnut-winged Chachalaca	E		A1,A2	
Ortalis columbiana	Guacharaca Colombiana	Colombian Chachalaca	E		B7,B5	49
Crax alberti	Pav?n Colombiano	Blue-billed Curassow	E		A1,A2	
Odontophorus hyperythrus	Perdiz Colorada	Chestnut Wood-Quail	E		B3,B4,B6,C3,C4	
Odontophorus strophium	Perdiz Santandereana	Gorgeted Wood-Quail	E		B7	
Podiceps andinus	Zambullidor Cira	Colombian Grebe	E(x)		C5a	
Rallus semiplumbeus	Rasc?n Andino, Tingua Bogotana	Bogota Rail	E		C5	
Leptotila conoveri	Caminera Tolimense	Tolima Dove	E		B6,C4	
Hapalopsittaca fuertesi	Cotorra aliazul	Indigo-winged Parrot	E		C4,B5	4, 82, 140
Pyrrhura viridicata	Periquito Serrano	Santa Marta Parakeet	E		C1	
Pyrrhura calliptera	Periquito Aliamarillo	Brown-breasted Parakeet	E		B7,B8a,C5	
Bolborhynchus ferrugineifrons	Periquito de Los Nevados	Rufous-fronted Parakeet	E		C4	3, 4, 149, 150
Heliangelus zusii	Heli?ngelus de Bogot?	Bogota Sunangel	E		C5	
Anthocephala floriceps	Colibr? Cabecicasta?o	Blossomcrown	E		A1,A5,B1,B6	
Ramphomicron dorsale	Pico de Tuna Negro	Black-backed Thornbill	E		C1	
Eriocnemis isabellae	Zamarrito del Pinche	Gorgeted Puffleg	E		C3	8, 34
Eriocnemis mirabilis	Paramero de Munchique	Colorful Puffleg	E		B3,C3	
Coeligena prunellei	Inca Negro	Black Inca	E		B7,C5	
Coeligena phalerata	Inca Coliblanco	White-tailed Starfrontlet	E		B1,C1	
Coeligena orina	Inca de Frontino	Dusky Starfrontlet	E		C3	108
Chaetocercus astreans	Zumbador de Santa Marta	Santa Marta Woodstar	E		A1,B1	59, 137
Chlorostilbon olivaresi	Esmeralda de Chiribiquete	Chiribiquete Emerald	E		A8	2, 119
Campylopterus phainopeplus	Ala de Sable Serrano	Santa Marta Sabrewing	E		B1,C1	59
Amazilia castaneiventris	Amazilia Ventricasta?o	Chestnut-bellied Hummingbird	E		B7	25, 35
Amazilia cyanifrons	Amazilia Ci?neo	Indigo-capped Hummingbird	E		B7,B4	8, 82, 104, 121
Lepidopyga lilliae	Colibr? Cienaguero	Sapphire-bellied Hummingbird	E		A1	
Bucco noanamae	Bobo de Noanam?	Sooty-capped Puffbird	E		A3	
Capito hypoleucus	Torito Capiblanco	White-mantled Barbet	E		A2,B7,B5	42, 43, 49, 76, 77
Picumnus granadensis	Carpinterito Punteado	Grayish Piculet	E		B4,B3a	79, 129
Melanerpes pulcher	Carpintero Bello	Beautiful Woodpecker	E		A2,A5,B5,B7	
Synallaxis subpudica	Rastrojero Rabilargo	Silvery-throated Spinetail	E		B7,C5a	
Synallaxis fuscorufa	Rastrojero Serrano	Rusty-headed Spinetail	E		B1,C1	
Cranioleuca hellmayri	Rastrojero Coronado	Streak-capped Spinetail	E		B1,C1	
Automolus rufipectus	Hojarasquero de Santa Marta	Santa Marta Foliage-gleaner	E		A1,B1	
Drymophila hellmayri	Hormiguero de Santa Marta	Santa Marta Antbird	E		B1	66
Drymophila caudata	Hormiguero colilargo	Long-tailed Antbird	E		B6,B8b,C5	66
Cercomacra parkeri	Hormiguero de Parker	Parker's Antbird	E		B3,B5,B6,B7	52
Grallaria bangsi	Tororoi de Santa Marta	Santa Marta Antpitta	E		B1	
Grallaria kaestneri	Tororoi de Cundinamarca	Cundinamarca Antpitta	E		B8a	
Grallaria urraoensis	Tororoi de Urrao	Urrao Antpitta	E		C3	
Grallaria milleri	Tororoi de Miller	Brown-banded Antpitta	E		C4	
Scytalopus sanctaemartae	Tapaculo Ventrirrufo	Santa Marta Tapaculo	E		A1,B1	
Scytalopus latebricola	Tapaculo Rat?n	Brown-rumped Tapaculo	E		B1,C1	
Scytalopus rodriguezi	Tapaculo de Rodr?guez	Upper Magdalena Tapaculo	E		B6,B7	49, 70
Scytalopus stilesi	Tapaculo de Stiles	Stiles's Tapaculo	E		B5,B4b	40, 43
Scytalopus canus	Tapaculo de Paramillo	Paramillo Tapaculo	E		C3	73
Phylloscartes lanyoni	Tiranuelo Antioque?o	Antioquia Bristle-Tyrant	E		A2	64
Myiotheretes pernix	Atrapamoscas de Santa Marta	Santa Marta Bush-Tyrant	E		C1	138
Myiarchus apicalis	Atrapamoscas Apical	Apical Flycatcher	E		A2,A4,A5,B3a,B6, B7	
Lipaugus weberi	Arrierito Antioque?o	Chestnut-capped Piha	E		B5	38, 43
Vireo caribaeus	Vireo de San Andr?s	San Andres Vireo	E		A9	89
Troglodytes monticola	Cucarachero de Santa Marta	Santa Marta Wren	E		C1	87
Thryophilus sernai	Cucarachero Paisa	Antioquia Wren	E		A2	75
Thryophilus nicefori	Cucarachero de Nic?foro	Niceforo's Wren	E		B7	49
Cistothorus apolinari	Cucarachero de Apolinar	Apolinar's Wren	E		C5a	
Henicorhina negreti	Cucarachero de Munchique	Munchique Wood-Wren	E		B3,B4a,C3	8, 72, 126
Vireo approximans	Vireo de Providencia	Providence Vireo	E		A9	89
Mimus magnirostris	Sinsonte de San Andres	Sain Andrew Mockingbird	E		A9	7, 29, 89
Bangsia melanochlamys	Bangsia Negra y Oro	Black-and-gold Tanager	E		B3,B5	
Bangsia aureocincta	Bangsia de Tatam?	Gold-ringed Tanager	E		B3	58
Anisognathus melanogenys	Clarinero Serrano	Black-cheeked Mountain-Tanager	E		B1,C1	137, 138, 139
Chlorochrysa nitidissima	Clorocrisa Multicolor	Multicolored Tanager	E		B3,B4,B5	
Dacnis hartlaubi	Dacnis Turquesa	Turquoise Dacnis	E		A3,B3,B4,B6,B7, C5a	49, S. Chaparro obs.pers Cerro Quinini, Pedro Palo (C/marca)
Arremon basilicus	Pinz?n de la Sierra Nevada	Sierra Nevada Brush-Finch	E		B1,C1	17, 16, 87
Diglossa gloriosissima	Diglosa Pechirrufa	Chestnut-bellied Flowerpiercer	E		C3	65
Atlapetes melanocephalus	Atlapetes de Santa Marta	Santa Marta Brush-Finch	E		B1,C1	87, 137, 138, 139
Atlapetes flaviceps	Atlapetes de Anteojos	Yellow-headed Brush-Finch	E		B4b,B5,B6	18, 82, 105, 115, 132
Atlapetes fuscoolivaceus	Atlapetes Oliv?ceo	Dusky-headed Brush-Finch	E		B6,B4a,C4	
Atlapetes blancae	Gorri?n-Mont?s Paisa	Antioquia Brush-Finch	E		C4	46, 48
Habia gutturalis	Habia Ahumada	Sooty Ant-Tanager	E		A2	
Habia cristata	Habia Copetona	Crested Ant-Tanager	E		A3,B3,B4,B6	
Myioborus flavivertex	Abanico Colombiano	Yellow-crowned Redstart	E		B1,C1	
Basileuterus conspicillatus	Ara?ero Embridado	White-lored Warbler	E		A1,B1	
Basileuterus basilicus	Ara?ero de Santa Marta	Santa Marta Warbler	E		C1	
Psarocolius cassini	Oropendola del Baud?	Baudo Oropendola	E		A3	
Macroagelaius subalaris	Chango de Monta?a	Mountain Grackle	E		B7,B8a,C5	37
Hypopyrrhus pyrohypogaster	Chango Colombiano	Red-bellied Grackle	E		B8b,B4,B5,B6,C3, C4	
Euphonia concinna	Eufonia Frentinegra	Velvet-fronted Euphonia	E		A5	
"^: Fuentes rese?adas en Anexo 2	 *conjunto taxonomico en espera de confiramcion de separacion de johnsonii"						
